date,Private dwelling approvals,Private dwelling approvals trend,Private non-residential building approvals,Consumer sentiment,Business conditions
1965-01-31,8.777,,,,
1965-02-28,9.059,,,,
1965-03-31,8.745,,,,
1965-04-30,8.893,,,,
1965-05-31,8.387,,,,
1965-06-30,8.598,,,,
1965-07-31,8.206,,,,
1965-08-31,7.873,,,,
1965-09-30,7.686,,,,
1965-10-31,7.654,,,,
1965-11-30,7.619,,,,
1965-12-31,7.386,,,,
1966-01-31,7.731,,,,
1966-02-28,8.11,,,,
1966-03-31,8.17,,,,
1966-04-30,8.026,,,,
1966-05-31,8.23,,,,
1966-06-30,8.507,,,,
1966-07-31,8.346,,,,
1966-08-31,8.507,,,,
1966-09-30,8.495,,,,
1966-10-31,9.112,,,,
1966-11-30,8.627,,,,
1966-12-31,8.484,,,,
1967-01-31,8.419,,,,
1967-02-28,9.336,,,,
1967-03-31,7.946,,,,
1967-04-30,8.915,,,,
1967-05-31,9.173,,,,
1967-06-30,8.954,,,,
1967-07-31,9.216,,,,
1967-08-31,9.413,,,,
1967-09-30,9.404,,,,
1967-10-31,9.808,,,,
1967-11-30,9.91,,,,
1967-12-31,9.519,,,,
1968-01-31,10.951,,,,
1968-02-29,9.573,,,,
1968-03-31,10.16,,,,
1968-04-30,10.029,,,,
1968-05-31,10.672,,,,
1968-06-30,10.529,,,,
1968-07-31,10.889,,,,
1968-08-31,10.854,,,,
1968-09-30,11.284,,,,
1968-10-31,10.478,,,,
1968-11-30,10.765,,,,
1968-12-31,10.984,,,,
1969-01-31,10.995,,,,
1969-02-28,10.861,,,,
1969-03-31,10.737,,,,
1969-04-30,11.289,,,,
1969-05-31,11.617,,,,
1969-06-30,11.283,,,,
1969-07-31,11.835,,,,
1969-08-31,11.905,,,,
1969-09-30,11.329,,,,
1969-10-31,11.734,,,,
1969-11-30,11.831,,,,
1969-12-31,13.063,,,,
1970-01-31,11.904,,,,
1970-02-28,12.177,,,,
1970-03-31,11.375,,,,
1970-04-30,12.013,,,,
1970-05-31,9.645,,,,
1970-06-30,9.426,,,,
1970-07-31,9.044,,,,
1970-08-31,9.713,,,,
1970-09-30,10.383,,,,
1970-10-31,10.483,,,,
1970-11-30,10.246,,,,
1970-12-31,10.853,,,,
1971-01-31,10.767,,,,
1971-02-28,10.421,,,,
1971-03-31,10.018,,,,
1971-04-30,10.804,,,,
1971-05-31,10.08,,,,
1971-06-30,10.591,,,,
1971-07-31,10.975,,,,
1971-08-31,11.432,,,,
1971-09-30,10.407,,,,
1971-10-31,11.205,,,,
1971-11-30,10.894,,,,
1971-12-31,11.367,,,,
1972-01-31,11.564,,,,
1972-02-29,11.588,,,,
1972-03-31,12.14,,,,
1972-04-30,10.772,,,,
1972-05-31,12.194,,,,
1972-06-30,12.39,,,,
1972-07-31,12.346,,,,
1972-08-31,12.71,,,,
1972-09-30,13.731,,,,
1972-10-31,13.399,,,,
1972-11-30,13.97,,,,
1972-12-31,13.875,,,,
1973-01-31,15.759,,,,
1973-02-28,14.464,,,,
1973-03-31,15.719,,,,
1973-04-30,14.441,,,,
1973-05-31,15.565,,,,
1973-06-30,16.186,,,,
1973-07-31,15.925,,,,
1973-08-31,16.0,,,,
1973-09-30,15.786,,,,
1973-10-31,15.422,,,,
1973-11-30,14.558,,,,
1973-12-31,13.626,,,,
1974-01-31,13.069,,,,
1974-02-28,12.651,,,,
1974-03-31,11.952,,,,
1974-04-30,11.727,,,,
1974-05-31,12.584,,,,
1974-06-30,11.32,,,,
1974-07-31,10.594,,,,
1974-08-31,8.158,,,,
1974-09-30,7.296,,,,
1974-10-31,7.352,,,,
1974-11-30,7.508,,,,
1974-12-31,7.617,,,,
1975-01-31,7.709,,,,
1975-02-28,7.856,,,,
1975-03-31,9.276,,,,
1975-04-30,8.757,,,,
1975-05-31,9.525,,,,
1975-06-30,9.669,,,,
1975-07-31,9.648,,,,
1975-08-31,9.977,,,,
1975-09-30,10.577,,,,
1975-10-31,10.674,,,,
1975-11-30,12.016,,,,
1975-12-31,11.386,,,,
1976-01-31,11.231,,,,
1976-02-29,12.07,,,,
1976-03-31,11.472,,,,
1976-04-30,12.181,,,,
1976-05-31,11.385,,,,
1976-06-30,11.116,,,,
1976-07-31,11.39,,,,
1976-08-31,10.877,,,,
1976-09-30,11.514,,,,
1976-10-31,11.449,,,,
1976-11-30,11.336,,,,
1976-12-31,11.243,,,,
1977-01-31,11.602,,,,
1977-02-28,10.27,,,,
1977-03-31,8.542,,,,
1977-04-30,10.023,,,,
1977-05-31,9.613,,,,
1977-06-30,9.454,,,,
1977-07-31,9.9,,,,
1977-08-31,9.873,,,,
1977-09-30,9.309,,,,
1977-10-31,9.59,,,,
1977-11-30,9.06,,,,
1977-12-31,9.333,,,,
1978-01-31,9.289,,,,
1978-02-28,9.015,,,,
1978-03-31,9.052,,,,
1978-04-30,8.837,,,,
1978-05-31,8.819,,,,
1978-06-30,8.901,,,,
1978-07-31,8.846,,,,
1978-08-31,8.842,,,,
1978-09-30,9.477,,,,
1978-10-31,9.69,,,,
1978-11-30,9.744,,,,
1978-12-31,10.297,,,,
1979-01-31,9.328,,,,
1979-02-28,10.315,,,,
1979-03-31,10.059,,,,
1979-04-30,10.026,,,,
1979-05-31,10.731,,,,
1979-06-30,10.672,,,,
1979-07-31,10.711,,,,
1979-08-31,10.553,,,,
1979-09-30,10.93,,,,
1979-10-31,11.031,,,,
1979-11-30,11.171,,,,
1979-12-31,10.21,,,,
1980-01-31,10.953,,,,
1980-02-29,11.584,,,,
1980-03-31,11.931,,,,
1980-04-30,12.107,,,,
1980-05-31,11.671,,,,
1980-06-30,11.893,,,,
1980-07-31,11.526,,,,
1980-08-31,12.305,,,,
1980-09-30,11.804,,,,
1980-10-31,12.205,,,,
1980-11-30,12.355,,,,
1980-12-31,12.341,,,,
1981-01-31,12.639,,,,
1981-02-28,12.317,,,,
1981-03-31,12.521,,,,
1981-04-30,12.753,,,,
1981-05-31,12.031,,,,
1981-06-30,12.488,,,,
1981-07-31,12.02,,,,
1981-08-31,12.439,,,,
1981-09-30,11.981,,,,
1981-10-31,11.816,,,,
1981-11-30,11.596,,,,
1981-12-31,10.914,,,,
1982-01-31,11.108,,,,
1982-02-28,10.551,,,,
1982-03-31,10.335,,,,
1982-04-30,10.04,,,,
1982-05-31,9.384,,,,
1982-06-30,8.771,,,,
1982-07-31,9.252,,,,
1982-08-31,8.191,,,,
1982-09-30,7.995,,,,
1982-10-31,7.954,,,,
1982-11-30,8.085,,,,
1982-12-31,8.048,,,,
1983-01-31,8.039,,,,
1983-02-28,8.525,,,,
1983-03-31,8.598,,,,
1983-04-30,8.717,,,,
1983-05-31,9.451,,,,
1983-06-30,9.466,,,,
1983-07-31,9.204,9.957,,,
1983-08-31,10.312,10.197,,,
1983-09-30,10.734,10.476,,,
1983-10-31,10.919,10.735,,,
1983-11-30,10.785,10.961,,,
1983-12-31,11.847,11.183,,,
1984-01-31,10.099,11.444,,,
1984-02-29,11.906,11.745,,,
1984-03-31,12.814,12.089,,,
1984-04-30,12.038,12.393,,,
1984-05-31,12.926,12.579,,,
1984-06-30,12.37,12.622,,,
1984-07-31,12.534,12.555,,,
1984-08-31,12.877,12.41,,,
1984-09-30,11.752,12.264,,,
1984-10-31,12.1,12.115,,,
1984-11-30,12.285,12.002,,,
1984-12-31,11.97,11.956,,,
1985-01-31,11.453,11.969,,,
1985-02-28,12.261,12.046,,,
1985-03-31,12.225,12.148,,,
1985-04-30,12.397,12.224,,,
1985-05-31,11.955,12.297,,,
1985-06-30,12.614,12.349,,,
1985-07-31,12.239,12.336,,,
1985-08-31,12.019,12.217,,,
1985-09-30,12.0,11.968,,,
1985-10-31,12.443,11.59,,,
1985-11-30,10.902,11.127,,,
1985-12-31,10.047,10.623,,,
1986-01-31,10.105,10.149,,,
1986-02-28,9.97,9.766,,,
1986-03-31,9.801,9.514,,,
1986-04-30,9.017,9.387,,,
1986-05-31,8.994,9.322,,,
1986-06-30,9.636,9.273,,,
1986-07-31,9.455,9.261,,,
1986-08-31,9.097,9.256,,,
1986-09-30,9.246,9.208,,,
1986-10-31,8.963,9.128,,,
1986-11-30,9.336,9.032,,,
1986-12-31,9.051,8.967,,,
1987-01-31,8.443,8.941,,,
1987-02-28,9.089,8.943,,,
1987-03-31,9.331,8.985,,,
1987-04-30,8.676,9.072,,,
1987-05-31,9.501,9.202,,,
1987-06-30,9.246,9.396,,,
1987-07-31,9.598,9.654,,,
1987-08-31,9.976,9.982,,,
1987-09-30,10.277,10.379,,,
1987-10-31,10.877,10.797,,,
1987-11-30,11.502,11.21,,,
1987-12-31,11.34,11.609,,,
1988-01-31,12.017,11.986,,,
1988-02-29,12.552,12.351,,,
1988-03-31,12.536,12.749,,,
1988-04-30,13.275,13.229,,,
1988-05-31,13.525,13.77,,,
1988-06-30,14.35,14.319,,,
1988-07-31,14.472,14.795,,,
1988-08-31,15.947,15.098,,,
1988-09-30,15.294,15.177,,,
1988-10-31,14.731,15.075,,,
1988-11-30,15.248,14.902,,,
1988-12-31,14.281,14.774,,,
1989-01-31,14.139,14.77,,,
1989-02-28,15.2,14.821,,,
1989-03-31,14.882,14.776,,,
1989-04-30,14.831,14.48,,,
1989-05-31,14.45,13.925,,,
1989-06-30,13.271,13.208,,,
1989-07-31,11.651,12.476,,,
1989-08-31,11.55,11.849,,,
1989-09-30,11.516,11.389,,,
1989-10-31,11.416,11.1,,,
1989-11-30,11.234,10.946,,,
1989-12-31,10.593,10.871,,,
1990-01-31,10.019,10.823,,,
1990-02-28,11.429,10.777,,,
1990-03-31,11.019,10.711,,,
1990-04-30,10.45,10.591,,,
1990-05-31,10.626,10.386,,,
1990-06-30,9.898,10.161,,,
1990-07-31,9.825,9.985,,,
1990-08-31,9.815,9.896,,,
1990-09-30,10.01,9.877,,,
1990-10-31,9.632,9.878,,,
1990-11-30,10.737,9.854,,,
1990-12-31,9.231,9.815,,,
1991-01-31,9.562,9.76,,,
1991-02-28,10.028,9.746,,,
1991-03-31,10.019,9.819,,,
1991-04-30,9.328,10.009,,,
1991-05-31,10.777,10.296,,,
1991-06-30,10.097,10.631,,,
1991-07-31,11.285,10.928,,,
1991-08-31,11.313,11.141,,,
1991-09-30,11.402,11.219,,,
1991-10-31,11.119,11.188,,,
1991-11-30,11.233,11.128,,,
1991-12-31,10.78,11.14,,,
1992-01-31,10.998,11.26,,,
1992-02-29,11.664,11.504,,,
1992-03-31,12.037,11.814,,,
1992-04-30,11.962,12.141,,,
1992-05-31,12.653,12.435,,,
1992-06-30,12.574,12.679,,,
1992-07-31,12.771,12.88,,,
1992-08-31,13.241,13.06,,,
1992-09-30,13.175,13.206,,,
1992-10-31,13.214,13.312,,,
1992-11-30,13.568,13.398,,,
1992-12-31,13.491,13.497,,,
1993-01-31,13.433,13.594,,,
1993-02-28,13.505,13.693,,,
1993-03-31,14.085,13.785,,,
1993-04-30,14.022,13.876,,,
1993-05-31,13.943,13.968,,,
1993-06-30,13.657,14.089,,,
1993-07-31,14.406,14.239,,,
1993-08-31,14.406,14.401,,,
1993-09-30,14.66,14.55,,,
1993-10-31,14.539,14.666,,,
1993-11-30,15.216,14.686,,,
1993-12-31,14.336,14.687,,,
1994-01-31,15.078,14.776,,,
1994-02-28,14.993,14.946,,,
1994-03-31,15.016,15.168,,,
1994-04-30,14.815,15.459,,,
1994-05-31,17.32,15.787,,,
1994-06-30,15.559,16.093,,,
1994-07-31,14.913,16.277,,,
1994-08-31,17.24,16.244,,,
1994-09-30,16.735,15.938,,,
1994-10-31,15.201,15.381,,,
1994-11-30,14.688,14.634,,,
1994-12-31,13.391,13.805,,,
1995-01-31,12.534,12.987,,,
1995-02-28,12.866,12.349,,,
1995-03-31,11.79,11.896,,,
1995-04-30,11.204,11.54,,,
1995-05-31,12.071,11.222,,,
1995-06-30,10.808,10.923,,,
1995-07-31,10.899,10.648,,,
1995-08-31,9.995,10.376,,,
1995-09-30,10.538,10.102,,,
1995-10-31,9.435,9.847,,,
1995-11-30,10.028,9.642,,,
1995-12-31,9.602,9.532,,,
1996-01-31,8.678,9.514,,,
1996-02-29,10.144,9.586,,,
1996-03-31,9.819,9.738,,,
1996-04-30,9.456,9.92,,,
1996-05-31,10.741,10.065,,,
1996-06-30,9.754,10.18,,,
1996-07-31,10.425,10.251,,,
1996-08-31,10.576,10.288,,,
1996-09-30,9.688,10.334,,,
1996-10-31,10.712,10.398,,,
1996-11-30,10.886,10.522,,,
1996-12-31,10.164,10.718,,,
1997-01-31,10.633,10.943,,,
1997-02-28,11.773,11.138,,,
1997-03-31,11.254,11.275,,,-7.65806872600706
1997-04-30,11.489,11.394,,,-6.92228516303371
1997-05-31,12.494,11.513,,,-4.49168800787397
1997-06-30,11.253,11.641,,,-3.29304898019325
1997-07-31,11.238,11.81,,,-8.08993292009307
1997-08-31,13.029,12.032,,,-6.11889939983405
1997-09-30,12.219,12.247,,,-3.20600570263242
1997-10-31,11.758,12.37,,,0.09296138986099
1997-11-30,13.045,12.425,,,-3.13261052050666
1997-12-31,12.389,12.451,,,-6.64827908853
1998-01-31,12.384,12.506,,,2.96602221437213
1998-02-28,12.339,12.656,,,0.6871049617126
1998-03-31,12.596,12.879,,,-11.393835828535
1998-04-30,13.693,13.079,,,6.15180651223326
1998-05-31,12.942,13.168,,,-6.98797062443234
1998-06-30,13.332,13.115,,,-14.6056957274016
1998-07-31,13.475,12.94,,,-4.72322525813273
1998-08-31,12.275,12.698,,,-6.03593696455076
1998-09-30,12.116,12.479,,,-5.37224506225264
1998-10-31,11.88,12.338,,,-0.24858757729428
1998-11-30,13.24,12.279,,,-0.22734290530591
1998-12-31,12.461,12.278,,,0.0168938657423703
1999-01-31,11.544,12.313,,,5.19240092803444
1999-02-28,13.022,12.363,,,2.38927907561588
1999-03-31,12.166,12.499,,,5.60923886473869
1999-04-30,12.824,12.786,,,6.49327296659488
1999-05-31,13.032,13.189,,,8.03769213331143
1999-06-30,13.277,13.639,,,4.6840475167789
1999-07-31,14.505,14.044,,,6.43773358445917
1999-08-31,15.107,14.396,,,5.03610851417709
1999-09-30,14.298,14.738,,,5.64643193541302
1999-10-31,14.568,15.058,,,5.60868313893712
1999-11-30,15.548,15.344,,,8.31183385570513
1999-12-31,15.291,15.559,,,11.5844528887481
2000-01-31,15.884,15.606,,,7.18012055657443
2000-02-29,16.096,15.334,,,5.70801133878376
2000-03-31,14.177,14.62,,,6.07041187619186
2000-04-30,13.709,13.504,,,4.37797914834162
2000-05-31,13.009,12.162,,,-0.4073648920645
2000-06-30,10.238,10.863,,,10.0511391219346
2000-07-31,9.269,9.862,850.541,,-2.98258160297142
2000-08-31,8.927,9.312,779.426,,-2.33856149862621
2000-09-30,8.939,9.172,759.813,,-10.034859024026
2000-10-31,9.204,9.272,835.615,,-15.7103901980732
2000-11-30,10.545,9.404,709.652,,-13.9841104504862
2000-12-31,9.676,9.434,611.908,,-15.065075399363
2001-01-31,9.327,9.388,812.656,,-14.455542065402
2001-02-28,9.041,9.405,724.07,,-15.4164155848249
2001-03-31,9.114,9.649,770.67,,-14.5001826350734
2001-04-30,9.875,10.231,929.532,,-16.7820257152805
2001-05-31,11.865,11.13,1100.882,,-13.5126872517853
2001-06-30,11.87,12.194,644.326,,-4.58849324198935
2001-07-31,12.755,13.197,943.117,,-4.68827590988273
2001-08-31,14.769,13.973,705.828,,-5.99225004533557
2001-09-30,14.65,14.394,732.353,,-3.505761110674
2001-10-31,14.58,14.448,928.039,,-10.8850439043797
2001-11-30,14.487,14.264,834.704,,-6.07761945537275
2001-12-31,13.804,14.033,870.045,,-1.89551072151152
2002-01-31,13.501,13.911,771.582,,-1.7015554518051
2002-02-28,13.309,13.911,1095.835,,4.10542008118256
2002-03-31,14.259,14.074,737.566,,3.99055850795179
2002-04-30,15.253,14.273,839.321,,7.43411542088783
2002-05-31,14.699,14.543,863.612,,8.85174383059053
2002-06-30,14.124,14.876,672.404,,5.36393782034372
2002-07-31,13.771,15.199,876.906,,6.43065916346691
2002-08-31,17.528,15.435,1342.259,,6.71966017433903
2002-09-30,13.954,15.486,1173.893,,10.0879964091855
2002-10-31,17.871,15.299,1036.093,,7.44530119779203
2002-11-30,13.906,14.896,1467.86,,6.48194842195966
2002-12-31,13.727,14.406,913.527,,3.89612797982227
2003-01-31,13.915,14.005,1285.197,,5.83069041661157
2003-02-28,13.493,13.834,1195.634,,4.57784643521326
2003-03-31,14.298,13.865,1088.173,,4.05523081103921
2003-04-30,14.372,13.994,1020.602,,5.30735010936903
2003-05-31,14.185,14.27,1270.941,,7.05787018922283
2003-06-30,14.074,14.607,1057.916,,5.65954638511246
2003-07-31,15.005,15.032,1279.773,,9.74752964936933
2003-08-31,14.811,15.423,1238.395,,11.9174605230253
2003-09-30,16.582,15.636,1161.085,,10.5100943210796
2003-10-31,16.645,15.607,1160.847,,11.1248202012265
2003-11-30,14.89,15.348,812.59,,14.1141325182415
2003-12-31,14.586,14.995,1043.573,,11.8164214178994
2004-01-31,14.177,14.714,1052.462,,7.12993687317883
2004-02-29,14.422,14.599,1008.68,,10.914553391152
2004-03-31,14.998,14.627,1074.43,,12.9790845000036
2004-04-30,14.79,14.683,1052.055,,13.6350780491182
2004-05-31,15.085,14.604,1248.97,,12.2333908850313
2004-06-30,14.295,14.332,1047.404,,13.4298896181492
2004-07-31,13.854,13.937,1194.03,,11.3493198089702
2004-08-31,13.594,13.508,1494.791,,9.12942792874943
2004-09-30,12.971,13.161,1284.087,,9.17493711897173
2004-10-31,12.865,12.946,1336.748,,11.6025036352573
2004-11-30,12.658,12.834,1396.151,,10.4641554838413
2004-12-31,13.328,12.818,985.23,,10.0532471834722
2005-01-31,13.101,12.887,1112.439,,8.71243003961693
2005-02-28,13.245,13.019,1238.497,,10.1881890621766
2005-03-31,12.715,13.156,1545.756,,5.19564111384999
2005-04-30,12.912,13.248,1586.906,,4.11055240187012
2005-05-31,14.532,13.27,1201.977,,9.98528498183313
2005-06-30,13.972,13.206,1610.574,,6.54469209005573
2005-07-31,12.831,13.084,1763.775,,4.5478767763978
2005-08-31,11.955,12.909,1303.875,,6.62674842776461
2005-09-30,12.278,12.71,1853.153,,7.14605631825883
2005-10-31,12.134,12.549,1604.922,,1.34953605069242
2005-11-30,12.536,12.437,1804.243,,6.86340718620863
2005-12-31,12.528,12.359,1335.521,,7.67052568661583
2006-01-31,11.852,12.288,1226.645,,5.50202419846267
2006-02-28,12.48,12.3,1520.938,,6.13123680685815
2006-03-31,12.696,12.417,1811.383,,16.4215073213401
2006-04-30,12.095,12.624,1735.303,,9.90944532841073
2006-05-31,13.248,12.85,1550.737,,7.75185077327243
2006-06-30,12.948,13.024,1540.706,,11.0057412880075
2006-07-31,13.966,13.099,1978.508,,8.93900338969143
2006-08-31,12.515,13.019,1494.678,,6.84305763234263
2006-09-30,13.147,12.834,2012.864,,10.5822769720698
2006-10-31,12.338,12.608,2003.752,,11.3419453559103
2006-11-30,12.503,12.424,1918.938,,11.3668201260112
2006-12-31,12.32,12.333,1697.622,,6.16138038231111
2007-01-31,11.611,12.312,2057.359,,14.0377857438967
2007-02-28,13.324,12.364,1705.894,,14.8000075418663
2007-03-31,12.187,12.428,2210.534,,14.9308260836658
2007-04-30,12.391,12.505,1757.694,,13.692602508295
2007-05-31,12.465,12.582,1967.41,,14.1093551062627
2007-06-30,12.988,12.715,2114.342,,12.6085134268397
2007-07-31,13.011,12.959,2261.674,,16.7423979154816
2007-08-31,12.472,13.285,1922.524,,14.9252484143605
2007-09-30,13.922,13.618,2310.142,,11.2838874222166
2007-10-31,14.0,13.814,3511.698,,15.1325778238412
2007-11-30,14.522,13.835,2872.054,,12.1758881106325
2007-12-31,13.993,13.676,2440.324,,9.36972405331643
2008-01-31,13.192,13.401,2969.76,,11.8528743020599
2008-02-29,13.35,13.118,2105.067,,10.3635466561873
2008-03-31,12.406,12.926,2322.902,,6.06978541200358
2008-04-30,13.052,12.848,2380.323,,3.48714855048244
2008-05-31,12.82,12.818,2843.697,,4.86645931253103
2008-06-30,12.966,12.745,2339.114,,-2.31397115284617
2008-07-31,12.623,12.535,2649.149,,-7.91873776475048
2008-08-31,11.991,12.125,1951.19,,-7.33854545237714
2008-09-30,11.71,11.552,2654.204,,-6.56995267236531
2008-10-31,11.356,10.9,1662.654,,-15.5981262889114
2008-11-30,10.159,10.35,1678.024,,-19.2938736634661
2008-12-31,9.66,9.998,1322.253,,-13.6337612313166
2009-01-31,8.986,9.876,975.032,,-11.696906463091
2009-02-28,10.508,9.98,1229.71,,-19.8931005507328
2009-03-31,10.618,10.244,1487.532,,-19.6587369267615
2009-04-30,11.049,10.615,1298.243,,-14.4828415750737
2009-05-31,10.292,11.034,1288.232,,-16.049688990495
2009-06-30,11.337,11.474,1527.744,,-6.65543024795054
2009-07-31,12.339,11.966,1878.235,,-2.22506696980258
2009-08-31,12.018,12.483,2460.894,,0.48290206391999
2009-09-30,13.583,12.932,1386.693,,-0.96372353750064
2009-10-31,13.074,13.233,2145.518,,7.57505616561293
2009-11-30,13.59,13.408,1887.743,,5.63166531948487
2009-12-31,13.746,13.521,1533.0,,5.76277325557721
2010-01-31,12.916,13.628,1695.589,120.124739411254,3.63374375639725
2010-02-28,13.424,13.744,1342.472,117.043946058461,4.81013430987616
2010-03-31,14.615,13.872,1585.254,117.293819068878,7.30276217089443
2010-04-30,14.078,13.954,1199.664,116.078751805041,3.90391764665488
2010-05-31,13.775,13.955,1434.161,107.963053899692,5.12586955162739
2010-06-30,13.68,13.899,1890.451,101.855839810118,2.54498479282312
2010-07-31,14.367,13.861,1491.874,113.115676719492,2.68384393987678
2010-08-31,13.954,13.885,1637.522,119.173022034561,1.3285594448355
2010-09-30,13.153,13.927,1804.899,113.224857334216,2.23973886319158
2010-10-31,15.238,13.891,1879.829,116.9790668483,-1.24475995070894
2010-11-30,13.813,13.751,1768.886,110.728836220318,-0.0565740654850697
2010-12-31,14.473,13.554,1777.851,110.984405396343,-0.65598223539339
2011-01-31,12.349,13.339,1062.3,104.64813024126,-5.60353731080717
2011-02-28,12.36,13.097,1838.777,106.593213115359,-4.23058782250291
2011-03-31,13.493,12.892,2183.834,104.052619976913,3.62677859119622
2011-04-30,13.569,12.814,1591.319,105.305134847717,0.76454281553586
2011-05-31,12.612,12.823,1885.645,103.935478960834,-1.78566477470951
2011-06-30,12.267,12.798,1807.65,101.197625030288,-1.27653508321225
2011-07-31,12.642,12.706,1818.249,92.8481432677004,-3.45358542795842
2011-08-31,13.926,12.51,2419.996,89.6002164491244,-5.60207374922187
2011-09-30,12.352,12.255,1924.041,96.8864872365809,-1.40465671253648
2011-10-31,11.46,11.955,1765.665,97.2475119183194,-2.86679313199616
2011-11-30,11.687,11.579,1792.205,103.352141501977,-1.98186836587254
2011-12-31,11.822,11.207,1571.993,94.7461003476085,-2.92222260249663
2012-01-31,10.641,11.08,4801.321,97.0636455663774,-3.46275523547587
2012-02-29,11.374,11.266,2328.4,101.091868049549,-1.08964408327047
2012-03-31,11.607,11.635,1796.866,96.0725328797101,-0.57433654168311
2012-04-30,10.829,12.068,1472.826,94.5403943894395,-3.33627133359593
2012-05-31,13.861,12.544,2778.386,95.277397734366,-6.87192189748294
2012-06-30,14.638,13.012,1844.899,95.5648536025001,-4.43796080073412
2012-07-31,11.572,13.445,2086.366,99.1314707523244,-6.6378709028159
2012-08-31,12.88,13.782,2599.471,96.6159288989782,-1.9957941670775
2012-09-30,15.561,13.97,1594.892,98.1890616707212,-7.4244120110567
2012-10-31,14.122,13.936,2543.219,99.1622567862332,-8.88690539175736
2012-11-30,14.004,13.741,2033.67,104.280799109,-9.43079334216405
2012-12-31,14.156,13.496,1614.623,100.033333930112,-9.04150802533836
2013-01-31,11.844,13.236,2279.257,100.623415393708,-7.68728641038673
2013-02-28,12.894,13.101,2056.273,108.325910851938,-6.84036118295024
2013-03-31,13.098,13.146,2648.693,110.537577594616,-11.2635901139982
2013-04-30,14.669,13.38,2585.006,104.924216990023,-9.5169029231726
2013-05-31,13.913,13.76,3173.307,97.5906992227922,-7.21942331609008
2013-06-30,13.285,14.297,1693.153,102.18252999427,-12.1824084161273
2013-07-31,14.802,14.96,2240.426,102.133073790257,-11.1197501732465
2013-08-31,14.425,15.687,2443.651,105.684420018472,-10.8245614787801
2013-09-30,18.738,16.413,2145.151,110.63401559072,-8.18744054456671
2013-10-31,17.603,16.958,3351.21,108.323203830721,-7.24576224010398
2013-11-30,17.374,17.163,2110.934,110.347729189995,-6.18669835968247
2013-12-31,17.121,17.014,2580.667,105.0274780711,1.64098051467345
2014-01-31,16.484,16.674,2639.19,103.293378982356,1.55865109724157
2014-02-28,16.44,16.323,2283.913,100.151340486769,-1.83105350983427
2014-03-31,15.732,16.134,2064.392,99.4577371260795,-3.82064385070837
2014-04-30,15.864,16.147,1428.123,99.7343562242776,-1.90560678273932
2014-05-31,16.741,16.238,2174.357,92.9428381303617,-3.2908542709177
2014-06-30,16.312,16.452,3209.703,93.1685707797842,-2.08719180162524
2014-07-31,16.807,16.835,1959.227,94.9054341117597,3.95183434406824
2014-08-31,18.02,17.343,1795.209,98.4687422267882,0.63825201449584
2014-09-30,16.502,17.87,1956.37,93.9713019710244,-3.05502414262251
2014-10-31,18.1,18.366,2206.376,94.8118824306021,8.82296938156593
2014-11-30,20.299,18.76,2083.936,96.5728516447111,3.06200022991959
2014-12-31,19.949,19.054,1848.344,91.0622386024552,1.55896773456194
2015-01-31,18.637,19.264,3238.737,93.23243,-0.65445685666206
2015-02-28,19.18,19.421,2088.972,100.725153187674,0.49581869495588
2015-03-31,20.398,19.5,1873.635,99.4715723147994,2.28033779867425
2015-04-30,18.857,19.493,1775.878,96.2489293151835,1.62563868799168
2015-05-31,20.825,19.516,2333.959,102.369313991751,4.52776999073916
2015-06-30,19.056,19.544,1945.967,95.3202803703007,5.83441073064424
2015-07-31,18.994,19.602,2382.329,92.2476557468786,4.27020261395159
2015-08-31,18.921,19.692,1910.301,99.4577803093036,7.35115826269453
2015-09-30,20.235,19.779,2520.118,93.8680939243731,6.41823262798576
2015-10-31,21.77,19.743,2480.02,97.8228526556336,6.84068362964383
2015-11-30,19.147,19.598,2105.038,101.655707948258,8.91374971904943
2015-12-31,20.041,19.491,2191.319,100.840457888464,5.5443566581915
2016-01-31,17.516,19.411,2092.997,97.27799,-0.15692315928037
2016-02-29,19.459,19.435,1988.548,101.322881078937,6.84465042338893
2016-03-31,20.154,19.613,2214.985,99.1184376692937,9.08074660294763
2016-04-30,20.974,19.945,2315.253,95.1425110868608,6.37703870175193
2016-05-31,20.102,20.216,2761.493,103.184127157743,8.97674052006603
2016-06-30,18.213,20.245,2342.084,102.165171441437,8.30836497819503
2016-07-31,21.52,20.044,2604.475,99.1048877297659,7.53072576041223
2016-08-31,20.918,19.594,2488.201,101.044672245702,5.10693237475949
2016-09-30,19.413,19.066,4513.81,101.357909693115,5.6288347688991
2016-10-31,16.481,18.481,2456.098,102.423356908164,2.70434127203767
2016-11-30,18.299,17.945,2705.76,101.268183572653,3.95060691591944
2016-12-31,18.219,17.531,2449.642,97.335084505156,9.16646976353993
2017-01-31,16.154,17.304,1918.862,97.42471,9.32823165762993
2017-02-28,18.854,17.282,2613.594,99.6362228991419,7.75230460959523
2017-03-31,16.134,17.339,2431.62,99.7107847883027,11.4430643824814
2017-04-30,18.334,17.475,2829.065,99.0364749673705,11.1307864745336
2017-05-31,16.915,17.709,4064.336,97.9913732967392,11.9745706764704
2017-06-30,18.303,18.16,3275.679,96.233664860039,12.1584700795043
2017-07-31,19.226,18.729,3187.289,96.5959501418526,12.9701769955921
2017-08-31,18.734,19.26,2858.064,95.4539780798354,12.8960710089902
2017-09-30,19.76,19.603,4001.791,97.8675383588146,11.3834536649195
2017-10-31,19.56,19.66,3779.619,101.351293157075,15.6075534230798
2017-11-30,23.065,19.537,3314.59,99.6765128629259,10.3697638727675
2017-12-31,17.619,19.27,2642.085,103.274843027132,11.2053099178231
2018-01-31,18.12,18.992,2239.743,105.131011626236,15.3398402732999
2018-02-28,19.039,18.814,2766.365,102.74516731737,18.3635753540186
2018-03-31,19.516,18.744,2387.58,102.956722388443,14.8643721575424
2018-04-30,18.573,18.701,2165.75,102.381623286595,17.770938273565
2018-05-31,17.82,18.581,3142.763,101.778241277789,15.5632688661558
2018-06-30,19.007,18.319,2572.173,102.130580705138,11.6877249822647
2018-07-31,18.675,17.877,4122.211,106.063421304754,10.3238788412246
2018-08-31,16.069,17.284,2860.797,103.632606041082,12.7348898202691
2018-09-30,16.655,16.591,2334.62,100.515308151834,11.2064018030897
2018-10-31,17.022,15.904,2846.32,101.491614419728,7.93387893847883
2018-11-30,15.183,15.348,3042.721,104.34168801093,5.48520505901788
2018-12-31,13.993,15.015,2308.483,104.433525760993,-2.70885311660791
2019-01-31,13.641,14.904,2635.686,99.561347401591,4.89248103692941
2019-02-28,16.776,14.883,2842.615,103.796476025306,3.06629390620635
2019-03-31,14.884,14.831,3291.008,98.8230468120427,5.6187221401736
2019-04-30,14.599,14.709,2399.966,100.652779083671,-0.65494300874669
2019-05-31,14.379,14.444,3775.231,101.270115371565,0.07193472900678
2019-06-30,14.406,14.092,3419.076,100.657861450469,-0.21141031719132
2019-07-31,13.38,13.894,3579.952,96.5103073468359,-0.94341713560375
2019-08-31,13.604,13.926,4012.334,99.9570000232976,-1.0224862184819
2019-09-30,14.789,14.086,2725.312,98.2353367117696,-0.65489756121997
2019-10-31,13.854,14.224,2980.455,92.7935621520259,-0.02830558475645
2019-11-30,14.974,14.351,2919.428,97.0005363657096,-0.81604489924575
2019-12-31,15.644,14.444,2455.731,95.1306014779135,-2.66458612775312
2020-01-31,12.613,14.426,2486.264,93.383086548139,1.07825205952652
2020-02-29,16.403,14.308,3507.319,95.5243734976056,-1.58750616938831
2020-03-31,15.069,14.143,2590.972,91.9415485656601,-25.9409528916451
2020-04-30,14.902,13.978,2607.053,75.6437635906384,-41.2663484636684
2020-05-31,13.314,13.893,3037.725,88.0641143398551,-28.3379823336756
2020-06-30,12.428,14.018,2817.76,93.6516092458472,-13.496789160158
2020-07-31,14.965,14.415,2737.941,87.9215726110369,-5.73366711269131
2020-08-31,14.296,15.037,2021.46,79.5317153023232,-7.92035904563002
2020-09-30,15.878,15.735,2048.437,93.846665860335,0.4826116074499
2020-10-31,17.128,16.353,3216.977,105.021205830664,1.75034281000947
2020-11-30,17.631,16.86,2400.099,107.664980139566,7.39385978849453
2020-12-31,18.417,17.312,2980.399,112.038540907645,13.9548036596261
2021-01-31,16.039,17.757,1623.055,106.98592476936,12.7150555880414
2021-02-28,19.81,20.241,2350.515,109.060267897401,18.8899772113451
2021-03-31,22.412,20.433,3738.171,111.842892288837,23.20682109319
2021-04-30,20.61,20.405,2840.119,118.777301245172,25.0903761923903
2021-05-31,21.013,20.068,3265.495,113.125491662859,32.0982367909824
2021-06-30,18.972,19.45,2659.262,107.212591756735,23.9817996437973
2021-07-31,18.552,18.738,2850.65,108.847040696016,3.96891128727173
2021-08-31,18.891,18.06,4647.945,104.092711861154,11.294931155824
2021-09-30,18.819,17.566,3268.482,106.225015285251,1.21893886452168
2021-10-31,15.827,17.189,3342.321,104.641998726868,6.69562647668613
2021-11-30,16.328,16.821,3600.2,105.299988652098,9.13204500960023
2021-12-31,16.726,16.491,2954.613,104.277124222046,8.50643850059423
2022-01-31,13.348,16.246,1706.997,102.201640119508,-0.41508281528761
2022-02-28,17.668,16.029,3137.38,100.823953334036,8.34764238920883
2022-03-31,14.604,15.804,3186.311,96.6217978187373,13.9312674932578
2022-04-30,15.983,15.636,3094.809,95.7686449467424,16.5408011360165
2022-05-31,16.414,15.581,3567.617,90.4075060393947,20.3959071257592
2022-06-30,15.822,15.631,3332.511,86.3539684972761,15.0075728241082
2022-07-31,14.092,15.762,2927.651,83.7863443172962,19.7798415956233
2022-08-31,16.9,15.905,4535.445,81.2436037865938,19.0756618141572
2022-09-30,16.91,15.928,3773.692,84.4496431411117,20.7925310627005
2022-10-31,15.178,15.678,3858.59,83.7227154060412,17.90291581383
2022-11-30,14.785,15.152,4817.055,77.9867021805779,18.8464768460983
2022-12-31,16.81,14.477,3287.78,80.2931520351537,10.5395706223396
2023-01-31,12.218,13.877,2377.698,84.2937779140251,18.673575692249
2023-02-28,13.336,13.506,3997.851,78.4504851449804,15.4056422993443
2023-03-31,12.996,13.403,4139.682,78.4660155032369,14.0414945039739
2023-04-30,13.056,13.433,3512.778,85.8226470155292,13.7447277576206
2023-05-31,15.618,13.534,3861.092,79.0137234714385,10.4722750872718
2023-06-30,13.144,13.674,4348.397,79.1542022929849,9.40366555946403
2023-07-31,12.704,13.803,3956.783,81.2885649559687,9.32282980004883
2023-08-31,13.172,13.848,4785.265,80.9855908897383,12.0246576963682
2023-09-30,13.909,13.84,4287.527,79.7406164889749,7.75220454715823
2023-10-31,14.36,13.731,4375.103,82.0439196550365,8.61588533861903
2023-11-30,14.5,13.522,3829.083,79.938551434449,7.11782741283283
2023-12-31,13.375,13.283,4035.779,82.0690829679926,4.45123423561815
2024-01-31,12.923,13.051,3544.09,80.9820204679332,5.18492963518289
2024-02-29,12.815,12.993,3046.392,86.0201586598618,6.95158287640723
2024-03-31,13.397,13.142,3719.44,84.438131983684,6.36248442501941
2024-04-30,13.56,13.403,2930.861,82.4381056379992,5.64196632638793
2024-05-31,14.584,13.714,4850.457,82.2265272480313,5.77004762290023
2024-06-30,13.004,14.006,3186.626,83.6075084878703,1.19769574497973
2024-07-31,14.827,14.298,4685.156,82.72372744171,3.82339773593894
2024-08-31,14.111,14.548,3901.657,85.0409325976316,0.68471238344728
2024-09-30,14.628,14.754,4344.661,84.6295016580129,4.03880790227096
2024-10-31,15.745,14.898,4416.376,89.8355735260196,3.2638594107776
2024-11-30,14.808,14.959,4093.694,94.6206622259959,-0.1783619519832
2024-12-31,15.301,14.952,5019.779,92.7672439317145,1.80126564853781
2025-01-31,15.229,14.964,2917.458,92.1407056026904,0.95085137059348
2025-02-28,16.551,15.094,3062.391,92.2114993346647,0.0475121748607501
2025-03-31,15.331,15.254,4934.402,95.9001509126772,0.44452606837771
2025-04-30,15.047,15.457,6382.246,90.1413786507673,-0.27283392014762
2025-05-31,15.941,15.622,5881.838,92.1145221600161,-1.4436314492598
2025-06-30,16.427,15.763,4578.938,92.5962615081015,4.79686201573036
2025-07-31,15.476,16.011,4807.211,93.1356373033033,3.25302678457786
2025-08-31,15.019,16.267,4540.582,98.4650608241201,5.17868903433832
2025-09-30,17.855,16.538,4511.562,95.4367847826256,5.46405150615646
2025-10-31,15.999,16.762,4533.841,92.0656193478956,7.65937666777143
2025-11-30,18.449,16.945,5206.637,103.817646728426,4.58424337181813
2025-12-31,15.709,17.042,5530.308,94.5000669307091,6.78946299409373
2026-01-31,13.42,17.062,4394.059,92.9081644189245,3.73599969711463
2026-02-28,19.621,17.093,6349.649,90.499084437913,3.1645066113766
2026-03-31,16.804,17.244,5020.038,91.5977330660686,2.35457566241685
2026-04-30,17.143,17.457,6330.896,80.1491668778667,-0.62942794697852
2026-05-31,16.646,17.663,10597.2,82.9789063102771,-0.58285760450988
2026-06-30,17.769,17.98,5502.029,80.6120963674324,-0.29238019668494
2026-07-31,,,,83.9335135706625,
