date,Private dwelling approvals,Private dwelling approvals trend,Private non-residential building approvals,Consumer sentiment,Business conditions,Labour force,Participation rate,Part-time employment,Full-time employment,Employment,Year-ended employment growth,Year-ended employment trend growth,Employment to population ratio,Unemployment,Unemployment rate,Unemployment rate trend,Hours worked,Hours worked trend,Year-ended hours worked trend growth,Average hours worked trend
2010-01-31,12.916,13.628,1695.589,120.124739411254,3.63374375639725,11545.1257757,65.390434,3297.3266982,7639.8171274,10937.1438256,1.3549228105784,1.10502077957986,61.9468852,607.9819501,5.2661354,5.4393443,1533227.360016,1531285.6595293,0.72225905913637,32.2913332086047
2010-02-28,13.424,13.744,1342.472,117.043946058461,4.81013430987616,11531.8007667,65.2073256,3298.0327978,7622.7934469,10920.8262447,1.0721629772742,1.28417361044673,61.75253,610.974522,5.298171,5.4001328,1536424.461009,1534573.3777318,1.19669117863221,32.3146793601455
2010-03-31,14.615,13.872,1585.254,117.293819068878,7.30276217089443,11552.1148268,65.2147395,3289.6715582,7636.0196936,10925.6912519,1.43898575832846,1.43393454656269,61.678413,626.423575,5.4225878,5.3680311,1524978.363377,1537847.9938256,1.65766597711923,32.3515601801906
2010-04-30,14.078,13.954,1199.664,116.078751805041,3.90391764665488,11573.9700755,65.2658922,3259.5810972,7677.948169,10937.5292662,1.32554698137617,1.5794934716793,61.6769874,636.4408093,5.498898,5.3287192,1537793.677736,1541616.2380348,2.11081035585132,32.3986715046698
2010-05-31,13.775,13.955,1434.161,107.963053899692,5.12586955162739,11542.5052351,65.0165834,3244.3948721,7694.470779,10938.8656511,1.54249137260454,1.73362775210584,61.6164045,603.6395839,5.2297103,5.282566,1554880.162543,1546116.5074986,2.56966859845063,32.4492623385173
2010-06-30,13.68,13.899,1890.451,101.855839810118,2.54498479282312,11588.9718939,65.20632,3280.0865157,7712.7338692,10992.8203849,2.20976258449237,1.91984521729252,61.8520237,596.151509,5.1441277,5.2362507,1554492.242046,1551303.9865788,3.01067290207593,32.4913941906678
2010-07-31,14.367,13.861,1491.874,113.115676719492,2.68384393987678,11634.2386152,65.3835219,3306.1230743,7712.8781264,11019.0012007,2.03455963193155,2.13923188734801,61.9259352,615.2374145,5.2881622,5.1940653,1548260.778216,1556308.2369403,3.3409948449625,32.5048725434261
2010-08-31,13.954,13.885,1637.522,119.173022034561,1.3285594448355,11647.0113706,65.377918,3284.2796837,7776.6424188,11060.9221025,2.5161115595772,2.3544236921369,62.0880358,586.0892682,5.0321001,5.1559458,1563055.957359,1560937.4498805,3.52416449105544,32.4950905052927
2010-09-30,13.153,13.927,1804.899,113.224857334216,2.23973886319158,11677.5575733,65.4719659,3273.1466042,7814.1932957,11087.3398999,2.56423395924832,2.51536157666612,62.1628226,590.2176734,5.0542904,5.1253187,1562169.544753,1565210.9453682,3.54704735039961,32.4774864625436
2010-10-31,15.238,13.891,1879.829,116.9790668483,-1.24475995070894,11724.0575859,65.655358,3311.5371271,7792.9248694,11104.4619965,2.62369670622906,2.59970250264412,62.1855891,619.5955894,5.2848221,5.099325,1568685.597665,1569393.5626831,3.46516496682743,32.4688987849968
2010-11-30,13.813,13.751,1768.886,110.728836220318,-0.0565740654850697,11764.1663555,65.8025737,3305.3548422,7857.7597657,11163.1146079,2.87925979050292,2.59418546271248,62.4406056,601.0517475,5.1091742,5.0720232,1571468.695854,1573456.7511835,3.35332438992297,32.4774875353724
2010-12-31,14.473,13.554,1777.851,110.984405396343,-0.65598223539339,11741.978245,65.601393,3313.9433478,7855.3919937,11169.3353415,2.58962559208789,2.53195406099154,62.4020878,572.6429035,4.8768861,5.0418922,1570253.277082,1576717.1508014,3.2425984177376,32.4907619663201
2011-01-31,12.349,13.339,1062.3,104.64813024126,-5.60353731080717,11792.00924,65.7805484,3336.3298279,7865.6762986,11202.0061265,2.42167704039926,2.44980638376182,62.4892748,590.0031134,5.0034146,5.0144539,1581312.32369,1578619.8797917,3.09114239840462,32.4934770259384
2011-02-28,12.36,13.097,1838.777,106.593213115359,-4.23058782250291,11761.0391882,65.5079898,3280.0165268,7896.2836953,11176.3002221,2.33932828593428,2.37943506731801,62.2510434,584.738966,4.9718308,4.9918153,1580355.844952,1579271.1402663,2.91271588463016,32.4830022133536
2011-03-31,13.493,12.892,2183.834,104.052619976913,3.62677859119622,11796.2720819,65.6044439,3283.7426075,7931.3924935,11215.135101,2.64920399475561,2.33437914468142,62.3724764,581.1369809,4.9264461,4.9786285,1581048.326335,1579306.2386808,2.69586103578854,32.4658375447668
2011-04-30,13.569,12.814,1591.319,105.305134847717,0.76454281553586,11766.0528236,65.3576249,3298.6390044,7883.8538603,11182.4928648,2.2396611943888,2.2811544816766,62.1160881,583.5599588,4.9596918,4.9850777,1554478.874101,1579003.8240894,2.42522004712797,32.4443058441905
2011-05-31,12.612,12.823,1885.645,103.935478960834,-1.78566477470951,11762.4234291,65.2589148,3336.5084022,7836.2330175,11172.7414197,2.13802578859246,2.20226905765382,61.9873094,589.6820094,5.0132697,5.0107231,1575152.161291,1579337.678102,2.14868481400194,32.4322493191831
2011-06-30,12.267,12.798,1807.65,101.197625030288,-1.27653508321225,11785.1207075,65.3063363,3298.3318885,7907.3619784,11205.6938668,1.93647739566825,2.06788674458274,62.0954872,579.4268407,4.9165966,5.0523536,1583371.249059,1580461.2396252,1.87953188405725,32.4314349594517
2011-07-31,12.642,12.706,1818.249,92.8481432677004,-3.45358542795842,11811.2089189,65.3722528,3325.5515457,7884.1308795,11209.6824252,1.73047648354814,1.86484634043,62.0429457,601.5264938,5.0928444,5.112924,1583720.860712,1582039.4339886,1.653348381609,32.4373839598602
2011-08-31,13.926,12.51,2419.996,89.6002164491244,-5.60207374922187,11842.7904582,65.4652268,3333.4598406,7885.2228917,11218.6827323,1.42628822749182,1.62601685816675,62.0152499,624.107726,5.2699381,5.1811249,1585350.544181,1583695.4484473,1.4579699249667,32.4413572146227
2011-09-30,12.352,12.255,1924.041,96.8864872365809,-1.40465671253648,11865.574524,65.5093912,3350.6514062,7895.337981,11245.9893872,1.43090668034296,1.38851445647432,62.0886849,619.5851367,5.2217036,5.2350521,1582425.521828,1584899.7232794,1.25789932465419,32.4356468991746
2011-10-31,11.46,11.955,1765.665,97.2475119183194,-2.86679313199616,11864.7847874,65.4059911,3332.8200688,7916.454493,11249.2745618,1.30409348373333,1.18129504252877,62.0129201,615.5102256,5.1877066,5.2627019,1593831.290939,1585718.7486229,1.04022256290448,32.4236288755699
2011-11-30,11.687,11.579,1792.205,103.352141501977,-1.98186836587254,11873.9414586,65.3576439,3370.2959042,7882.4956865,11252.7915906,0.8033329930747,1.02134736090636,61.9386535,621.1498679,5.231202,5.2583584,1586966.27059,1586486.3248244,0.82808590900891,32.4153556537549
2011-12-31,11.822,11.207,1571.993,94.7461003476085,-2.92222260249663,11847.5098291,65.1138566,3315.2630943,7916.5504472,11231.8135415,0.55937258654828,0.92656511004674,61.7299928,615.6962876,5.1968413,5.2249975,1589865.214097,1588084.7103435,0.7209637782098,32.4245738034178
2012-01-31,10.641,11.08,4801.321,97.0636455663774,-3.46275523547587,11909.8688878,65.3404058,3343.0256307,7965.6428897,11308.6685204,0.95217225107274,0.89943844877773,62.042076,601.2003674,5.0479176,5.182027,1590884.61021,1590235.2186325,0.7357907365472,32.4407762056022
2012-02-29,11.374,11.266,2328.4,101.091868049549,-1.08964408327047,11889.2111886,65.11152,3322.3751593,7949.5884151,11271.9635745,0.85594830578042,0.939784470952,61.7311502,617.2476141,5.1916616,5.1482364,1587282.347573,1592170.8011893,0.81681103352682,32.4434286551079
2012-03-31,11.607,11.635,1796.866,96.0725328797101,-0.57433654168311,11952.948617,65.3448074,3366.5118363,7966.8953276,11333.4071638,1.05457546195278,1.02843678891835,61.957876,619.5414531,5.1831684,5.1327586,1596181.594224,1593102.6934014,0.87357691514751,32.4160727887848
2012-04-30,10.829,12.068,1472.826,94.5403943894395,-3.33627133359593,11917.2941473,65.0580548,3376.5016006,7945.5364383,11322.0380389,1.24788967707958,1.1334338367103,61.8084745,595.2561084,4.9948931,5.139075,1595242.818893,1592965.0547491,0.88417966104366,32.3643433787478
2012-05-31,13.861,12.544,2778.386,95.277397734366,-6.87192189748294,11987.4480282,65.3489109,3377.0696863,7986.981954,11364.0516403,1.71229435474698,1.21274670103793,61.9504999,623.3963879,5.2004095,5.167214,1606142.1493,1591821.1033635,0.79042154408058,32.296920961534
2012-06-30,14.638,13.012,1844.899,95.5648536025001,-4.43796080073412,11955.8176751,65.0848722,3379.5794187,7959.0376666,11338.6170853,1.18621140359565,1.2481713238829,61.7249664,617.2005898,5.1623453,5.2056261,1578707.00975,1590192.5518595,0.61572609250498,32.2288524720976
2012-07-31,11.572,13.445,2086.366,99.1314707523244,-6.6378709028159,11968.8140614,65.0598325,3381.9147999,7966.6369453,11348.5517452,1.23883366836346,1.24289888204006,61.6882234,620.2623161,5.1823206,5.2442732,1588829.759945,1589176.6414928,0.45113967141805,32.183710884491
2012-08-31,12.88,13.782,2599.471,96.6159288989782,-1.9957941670775,11978.4968355,65.0168842,3382.4208079,7978.357262,11360.7780699,1.26659556198063,1.20852126594255,61.6640303,617.7187655,5.1568972,5.2788547,1587908.173122,1589350.7637222,0.3570961374199,32.1684415906178
2012-09-30,15.561,13.97,1594.892,98.1890616707212,-7.4244120110567,12051.3928311,65.316664,3366.880847,8023.0917869,11389.9726339,1.28030751001669,1.1836795684278,61.73187,661.4201972,5.4883299,5.3065108,1598034.592359,1591046.4202184,0.38782875968213,32.1805273391131
2012-10-31,14.122,13.936,2543.219,99.1622567862332,-8.88690539175736,12042.5993757,65.1794458,3352.738194,8038.3048953,11391.0430892,1.26024595293828,1.18924864465468,61.6529582,651.5562865,5.410429,5.3275726,1586286.469006,1593637.4498784,0.4993761511855,32.2025760463483
2012-11-30,14.004,13.741,2033.67,104.280799109,-9.43079334216405,12016.8547821,64.9509793,3369.4776839,8015.6662353,11385.1439192,1.176173285841,1.23360161747192,61.5365885,631.7108629,5.2568736,5.3526455,1600326.304945,1596121.3293882,0.60731721496978,32.2148171830975
2012-12-31,14.156,13.496,1614.623,100.033333930112,-9.04150802533836,12051.4452959,65.0488061,3391.8925439,8004.8677527,11396.7602966,1.46856742671648,1.29355721563598,61.5150824,654.6849993,5.432419,5.390834,1600716.459461,1598029.2972445,0.62620002801042,32.2109494330411
2013-01-31,11.844,13.236,2279.257,100.623415393708,-7.68728641038673,12123.4834926,65.3291061,3400.2497845,8069.8301306,11470.079915,1.42732448394634,1.33611372301585,61.8081485,653.4035776,5.3895696,5.4398274,1600374.55764,1599182.3647462,0.56263035863298,32.1931606241394
2013-02-28,12.894,13.101,2056.273,108.325910851938,-6.84036118295024,12122.6744718,65.2165733,3457.8034871,8010.9417294,11468.7452165,1.7457618692556,1.34077044673517,61.6986182,653.9292553,5.3942656,5.4951137,1602276.142435,1600181.0632399,0.50310318746059,32.1752562518077
2013-03-31,13.098,13.146,2648.693,110.537577594616,-11.2635901139982,12118.6139471,65.0869563,3441.6941689,7993.3811955,11435.0753644,0.8970665143377,1.29086799902336,61.4157901,683.5385828,5.6404023,5.5543679,1595455.79161,1601457.2749587,0.52442203455587,32.1707874174215
2013-04-30,14.669,13.38,2585.006,104.924216990023,-9.5169029231726,12146.183944,65.1501138,3443.9092059,8023.4197832,11467.3289892,1.28325792406643,1.20467280163314,61.5088486,678.8549548,5.589039,5.6062464,1607706.662023,1603362.7024882,0.6527229023701,32.1878347692825
2013-05-31,13.913,13.76,3173.307,97.5906992227922,-7.21942331609008,12138.5738445,65.0246453,3453.6521684,8003.9850375,11457.6372059,0.82352288217453,1.11250542483112,61.3769628,680.9366386,5.6096923,5.6452139,1605504.756736,1605661.4471913,0.8694660347545,32.2192903663978
2013-06-30,13.285,14.297,1693.153,102.18252999427,-12.1824084161273,12162.8703167,65.0702066,3477.0949057,7993.1217025,11470.2166081,1.16063115819136,1.03346085286207,61.3645748,692.6537086,5.6948211,5.672296,1603683.30399,1607894.8201642,1.11321539545635,32.2542935226718
2013-07-31,14.802,14.96,2240.426,102.133073790257,-11.1197501732465,12141.5931386,64.8684601,3465.4053649,7991.9204799,11457.3258449,0.95848441406639,0.97452448131559,61.2126494,684.2672937,5.6357291,5.6972485,1613531.707958,1608979.0228145,1.24607805102763,32.2702634245714
2013-08-31,14.425,15.687,2443.651,105.684420018472,-10.8245614787801,12170.8062446,64.9366538,3462.3406361,7997.2662395,11459.6068756,0.86991229906905,0.9092755794833,61.1420895,711.199369,5.8434861,5.7261441,1617936.166077,1608551.3944258,1.20808012566296,32.2636962293573
2013-09-30,18.738,16.413,2145.151,110.63401559072,-8.18744054456671,12168.5415691,64.8369354,3471.239687,8002.9062349,11474.145922,0.73901220666215,0.80423702384131,61.1370273,694.3956471,5.7064821,5.7642008,1605494.767305,1606981.5599878,1.00155090177776,32.243517396186
2013-10-31,17.603,16.958,3351.21,108.323203830721,-7.24576224010398,12179.8398365,64.8313813,3505.4107709,7965.1837153,11470.5944862,0.6983679754089,0.66107501739918,61.0561793,709.2453503,5.823109,5.8059981,1603201.657147,1605142.1908184,0.72191707975222,32.2220400858432
2013-11-30,17.374,17.163,2110.934,110.347729189995,-6.18669835968247,12153.7617968,64.6270847,3494.7929339,7954.4854556,11449.2783896,0.56331716889273,0.5150314804465,60.8810257,704.4834072,5.7964227,5.8374865,1602651.80582,1603858.4602527,0.4847457847998,32.2051106930915
2013-12-31,17.121,17.014,2580.667,105.0274780711,1.64098051467345,12135.2206402,64.4632447,3509.8424303,7909.3077862,11419.1502165,0.1964586366415,0.39927194445,60.6594224,716.0704237,5.9007615,5.8506471,1601783.373312,1603402.9498091,0.33626746229658,32.1907357985257
2014-01-31,16.484,16.674,2639.19,103.293378982356,1.55865109724157,12177.5486549,64.5788029,3516.1733275,7937.1620763,11453.3354038,-0.14598425925614,0.34750253052398,60.7382249,724.2132511,5.9471185,5.84663,1594642.526744,1604060.2324421,0.3050226042653,32.1795323518371
2014-02-28,16.44,16.323,2283.913,100.151340486769,-1.83105350983427,12195.521315,64.5650404,3521.7216702,7957.1489696,11478.8706398,0.08828710646942,0.35762919960645,60.7709771,716.6506752,5.8763431,5.8374931,1604786.282283,1605806.002045,0.3515188958499,32.1732972518721
2014-03-31,15.732,16.134,2064.392,99.4577371260795,-3.82064385070837,12252.0451945,64.7550701,3542.9448176,7989.2821609,11532.2269785,0.84959312469821,0.4248163189481,60.9506539,719.818216,5.8750862,5.8386332,1611634.646325,1608177.1916859,0.41961261360366,32.1691204260885
2014-04-30,15.864,16.147,1428.123,99.7343562242776,-1.90560678273932,12248.9235239,64.6754497,3530.6887753,8007.2410222,11537.9297975,0.61566916207334,0.51449424544947,60.9213371,710.9937264,5.8045405,5.8623116,1609046.351099,1610702.1321035,0.45775229796166,32.1696642512499
2014-05-31,16.741,16.238,2174.357,92.9428381303617,-3.2908542709177,12238.5879184,64.5579348,3491.3333618,8021.5235398,11512.8569016,0.48194662396506,0.5855965527791,60.7297402,725.7310168,5.9298591,5.9195682,1610902.994723,1612899.3533004,0.45077411067949,32.1761044276672
2014-06-30,16.312,16.452,3209.703,93.1685707797842,-2.08719180162524,12270.941008,64.6656067,3528.8578594,7999.9106239,11528.7684833,0.5104687836379,0.62527384544206,60.7544938,742.1725247,6.048212,6.0049723,1616323.161104,1614307.6514584,0.39883400417604,32.181710792446
2014-07-31,16.807,16.835,1959.227,94.9054341117597,3.95183434406824,12304.7341237,64.7637321,3514.5902905,8030.7019871,11545.2922776,0.76777455656598,0.65169533527132,60.766548,759.4418461,6.1719484,6.1001048,1614499.635778,1614567.2942272,0.34731785395965,32.1726759823558
2014-08-31,18.02,17.343,1795.209,98.4687422267882,0.63825201449584,12299.1169916,64.6544528,3533.1779894,8015.6190739,11548.7970633,0.77830058804116,0.69801583916316,60.7101433,750.3199282,6.1006,6.1853681,1615080.004007,1614073.9092199,0.3433222471621,32.1500522194783
2014-09-30,16.502,17.87,1956.37,93.9713019710244,-3.05502414262251,12315.2147702,64.6594435,3535.2459685,8011.8801501,11547.1261186,0.6360403388288,0.7941727638512,60.6266933,768.0886516,6.2369083,6.2500746,1610540.454516,1613509.9215937,0.40624993891962,32.1194229568838
2014-10-31,18.1,18.366,2206.376,94.8118824306021,8.82296938156593,12325.9777423,64.6444298,3528.5958209,8013.7641225,11542.3599434,0.6256472346428,0.93890202343836,60.5346929,783.6177988,6.3574494,6.2857896,1611207.958459,1613902.6511274,0.5457747207139,32.0965447272323
2014-11-30,20.299,18.76,2083.936,96.5728516447111,3.06200022991959,12317.6980818,64.529679,3557.7335231,7984.3213856,11542.0549087,0.810326344971,1.09968735170067,60.466257,775.643173,6.2969815,6.2934816,1611863.115007,1615875.771068,0.7492750210269,32.0934875200314
2014-12-31,19.949,19.054,1848.344,91.0622386024552,1.55896773456194,12353.0615975,64.6435761,3568.7033167,8030.0814883,11598.784805,1.57309944342827,1.25495325686384,60.6964454,754.2767925,6.1059907,6.2757462,1601946.902596,1619515.34669,1.00488756633623,32.1112355042968
2015-01-31,18.637,19.264,3238.737,93.23243,-0.65445685666206,12395.7410596,64.7667893,3578.4942862,8029.9056886,11608.3999748,1.35388134139993,1.38349097014732,60.6529929,787.3410848,6.3517065,6.2380428,1629234.378417,1624014.895534,1.24400958818858,32.1352603939446
2015-02-28,19.18,19.421,2088.972,100.725153187674,0.49581869495588,12439.1346026,64.8933614,3605.8089849,8067.8910153,11673.7000002,1.69728683695136,1.47653683329962,60.9001878,765.4346024,6.1534393,6.1908323,1627595.45461,1628298.8943235,1.40072289242008,32.1492603214459
2015-03-31,20.398,19.5,1873.635,99.4715723147994,2.28033779867425,12453.657104,64.8691458,3592.1714675,8101.403362,11693.5748294,1.39910401695011,1.532891876322,60.9099965,760.0822746,6.1032857,6.1460322,1635998.434153,1631397.6606058,1.44389990356457,32.1409247011793
2015-04-30,18.857,19.493,1775.878,96.2489293151835,1.62563868799168,12453.3804606,64.8024707,3607.1340299,8085.0383402,11692.1723701,1.33683056932292,1.57104924206217,60.8414446,761.2080906,6.1124615,6.1147931,1631137.173417,1633165.8032687,1.39465086172472,32.1137952146271
2015-05-31,20.825,19.516,2333.959,102.369313991751,4.52776999073916,12473.379419,64.8413331,3626.2592989,8107.3397021,11733.599001,1.91735293234925,1.62650849163914,60.9956754,739.780418,5.930874,6.0960074,1636748.899289,1634349.7210164,1.32992599148278,32.0822030466389
2015-06-30,19.056,19.544,1945.967,95.3202803703007,5.83441073064424,12477.0828966,64.7954925,3620.3950211,8107.1430189,11727.53804,1.72411786209365,1.7257093500841,60.9029859,749.5448567,6.0073726,6.0832294,1632951.144281,1635900.511538,1.33759262431126,32.0589270802229
2015-07-31,18.994,19.602,2382.329,92.2476557468786,4.27020261395159,12547.8046018,65.0833851,3628.3968978,8132.1015862,11760.498484,1.86401696228635,1.87215446341775,60.9997586,787.3061177,6.2744531,6.065958,1638819.943879,1638246.7056198,1.4666103715382,32.0445993873988
2015-08-31,18.921,19.692,1910.301,99.4577803093036,7.35115826269453,12527.2541964,64.89776,3647.5208251,8117.144052,11764.6648771,1.8691800766505,2.06345424356411,60.9471466,762.5893193,6.0874419,6.0368709,1636492.828788,1641475.1011122,1.69764170870856,32.0348210411363
2015-09-30,20.235,19.779,2520.118,93.8680939243731,6.41823262798576,12559.3666219,64.9850587,3640.4039151,8143.4976873,11783.9016024,2.05051439958384,2.27107670013094,60.9726239,775.4650194,6.1743959,5.9917316,1647420.370382,1645413.5813269,1.9772831456585,32.0271536688056
2015-10-31,21.77,19.743,2480.02,97.8228526556336,6.84068362964383,12606.1943667,65.1543084,3684.9398172,8175.9159905,11860.8558076,2.75936520574476,2.45040825581406,61.3020738,745.338559,5.9124787,5.9355639,1654182.394971,1649826.039918,2.22587085816517,32.0261997208115
2015-11-30,19.147,19.598,2105.038,101.655707948258,8.91374971904943,12632.6607776,65.2180609,3700.6940035,8192.8827642,11893.5767677,3.04557430873973,2.5795990628926,61.4024256,739.0840099,5.8505807,5.8735466,1652141.49742,1653787.7305414,2.34621746004289,32.0204707640011
2015-12-31,20.041,19.491,2191.319,100.840457888464,5.5443566581915,12633.1037163,65.1474708,3685.5920846,8222.2362906,11907.8283753,2.66444783221411,2.6254172652592,61.4073088,725.275341,5.7410701,5.8144634,1652076.281565,1656654.5156076,2.29322735307855,32.0072941144693
2016-01-31,17.516,19.411,2092.997,97.27799,-0.15692315928037,12678.5784246,65.272092,3722.6051027,8190.0265766,11912.6316794,2.62078930137173,2.57264929969465,61.3288308,765.9467453,6.0412668,5.766772,1662460.084031,1658136.7509254,2.10108019853972,31.9875212455185
2016-02-29,19.459,19.435,1988.548,101.322881078937,6.84465042338893,12646.4763007,64.9976026,3715.2469602,8211.0772771,11926.3242373,2.16404599309277,2.45767065823475,61.296322,720.1520634,5.6944879,5.7300731,1663194.839825,1658440.0289284,1.85108119338389,31.9589241319888
2016-03-31,20.154,19.613,2214.985,99.1184376692937,9.08074660294763,12657.3678831,64.9446123,3752.2909364,8189.5134764,11941.8044128,2.12278611991177,2.31921483405018,61.2730755,715.5634704,5.6533355,5.7011618,1656485.469826,1658165.5042739,1.64079208365175,31.9278158088613
2016-04-30,20.974,19.945,2315.253,95.1425110868608,6.37703870175193,12663.0578092,64.9001607,3773.4470006,8174.7555507,11948.2025513,2.1897571562898,2.20044693290686,61.2364152,714.8552579,5.6452025,5.6797958,1627419.911219,1657742.0684008,1.5048236427013,31.8952139406836
2016-05-31,20.102,20.216,2761.493,103.184127157743,8.97674052006603,12666.5550493,64.8445846,3772.3824147,8169.467436,11941.8498508,1.77482501133923,2.09690978412551,61.1345618,724.7051985,5.7214072,5.6606001,1662527.43672,1657364.4997975,1.4081918016168,31.8657852314138
2016-06-30,18.213,20.245,2342.084,102.165171441437,8.30836497819503,12685.4373099,64.8678065,3755.2014556,8207.805552,11963.0070076,2.00782949325653,1.9779033346334,61.1736123,722.4303023,5.6949578,5.6443727,1657295.440522,1657243.4520672,1.30466005595502,31.8472787086382
2016-07-31,21.52,20.044,2604.475,99.1048877297659,7.53072576041223,12720.2515229,64.9473234,3820.7964645,8175.2204434,11996.0169078,2.00262279800827,1.81592283546397,61.2495113,724.2346151,5.6935558,5.6378281,1660963.353748,1657874.8667148,1.19811997958965,31.8501578455894
2016-08-31,20.918,19.594,2488.201,101.044672245702,5.10693237475949,12667.1268949,64.5795566,3790.7760537,8165.0815866,11955.8576403,1.625144151553,1.60265438739378,60.9533631,711.2692546,5.6150796,5.6418887,1662583.557291,1659483.3180905,1.09707524446143,31.8754144049256
2016-09-30,19.413,19.066,4513.81,101.357909693115,5.6288347688991,12659.5208632,64.4445957,3835.5529848,8106.7963572,11942.349342,1.3446118691939,1.34951990723127,60.7937601,717.1715212,5.6650763,5.6554441,1658730.383825,1661842.9802743,0.99849661713325,31.9162278660629
2016-10-31,16.481,18.481,2456.098,102.423356908164,2.70434127203767,12670.279301,64.4195741,3815.0617888,8146.0303634,11961.0921522,0.84510212606894,1.09957108740955,60.8138498,709.1871487,5.5972495,5.6871553,1663137.713749,1664908.6558416,0.9141943185931,31.9674762924343
2016-11-30,18.299,17.945,2705.76,101.268183572653,3.95060691591944,12720.9805614,64.5974261,3800.95382,8186.3606868,11987.3145067,0.78813750338391,0.88465699510114,60.8718533,733.6660547,5.7673703,5.7342511,1666371.62945,1668383.9576871,0.8825937498594,32.0198158964929
2016-12-31,18.219,17.531,2449.642,97.335084505156,9.16646976353993,12762.7058535,64.7293328,3811.8204837,8205.9908792,12017.8113629,0.92361918675394,0.7513355756171,60.9514095,744.8944906,5.8364934,5.7799609,1676525.173761,1671667.4479551,0.9062198669705,32.0564986936318
2017-01-31,16.154,17.304,1918.862,97.42471,9.32823165762993,12764.8073845,64.6206095,3883.8277995,8155.4445639,12039.2723633,1.06307898462936,0.7476477069216,60.9476583,725.5350211,5.6838697,5.803788,1707702.675497,1674674.2100851,0.9973519464224,32.0668026962315
2017-02-28,18.854,17.282,2613.594,99.6362228991419,7.75230460959523,12767.6145554,64.515877,3835.8846603,8179.2906579,12015.1753182,0.74499970931625,0.85826586839142,60.7137355,752.4392372,5.8933424,5.8009154,1662476.40781,1677863.5687755,1.1711933810263,32.0580813656473
2017-03-31,16.134,17.339,2431.62,99.7107847883027,11.4430643824814,12825.4370216,64.6889928,3823.7717018,8251.9228114,12075.6945132,1.12118818707572,1.0660700234324,60.9074384,749.7425085,5.8457463,5.7715557,1679913.264664,1681603.9887397,1.41351900069007,32.0375785308737
2017-04-30,18.334,17.475,2829.065,99.0364749673705,11.1307864745336,12853.8849951,64.7579916,3873.5160135,8259.4395996,12132.9556131,1.54628330919866,1.33857751515063,61.1259427,720.929382,5.6086497,5.7243474,1666873.689158,1686159.7943379,1.7142429138276,32.0134505348288
2017-05-31,16.915,17.709,4064.336,97.9913732967392,11.9745706764704,12879.2435767,64.8112758,3841.2034149,8323.6509798,12164.8543946,1.86742042971728,1.64053568560725,61.2163073,714.389182,5.5468256,5.6697917,1713933.107112,1691552.3971837,2.0627868758126,31.9981671167514
2017-06-30,18.303,18.16,3275.679,96.233664860039,12.1584700795043,12923.9795533,64.9618505,3811.4755278,8385.8569403,12197.3324682,1.95875050855638,1.95150938169377,61.3093888,726.6470851,5.6224716,5.6153965,1710421.622606,1697550.9047316,2.43219863769089,31.9974348446369
2017-07-31,19.226,18.729,3187.289,96.5959501418526,12.9701769955921,12959.305248,65.0491577,3862.4051268,8370.4478002,12232.852927,1.9742888078626,2.25206942869278,61.4027344,726.452321,5.6056425,5.5651894,1701844.947914,1703794.8442615,2.76980962005255,32.0114270199929
2017-08-31,18.734,19.26,2858.064,95.4539780798354,12.8960710089902,13000.8191498,65.1672387,3867.1597743,8414.7360141,12281.8957884,2.72701597751557,2.52175277390623,61.5636003,718.9233614,5.5298313,5.527682,1705289.172403,1709635.5381932,3.02215873796237,32.0309974596766
2017-09-30,19.76,19.603,4001.791,97.8675383588146,11.3834536649195,13033.8303853,65.2424388,3892.5489803,8429.1231251,12321.6721053,3.17628259262155,2.7604146161164,61.677643,712.1582799,5.4639216,5.508234,1714735.207037,1714676.3897377,3.17920586304006,32.0462997124549
2017-10-31,19.56,19.66,3779.619,101.351293157075,15.6075534230798,13029.4841671,65.1555751,3878.7813029,8446.5631464,12325.3444494,3.0453096804626,2.96781746499881,61.6344358,704.1397177,5.4042026,5.4989009,1717649.246874,1718466.3867937,3.21685701880305,32.044793324378
2017-11-30,23.065,19.537,3314.59,99.6765128629259,10.3697638727675,13081.8784506,65.3523429,3881.7417981,8486.6008693,12368.3426674,3.17859484279848,3.14126265590113,61.7877757,713.5357832,5.4543832,5.4985906,1729475.877701,1721129.7339479,3.16148905758613,32.026095106593
2017-12-31,17.619,19.27,2642.085,103.274843027132,11.2053099178231,13135.8817711,65.5567489,3906.7915988,8491.2898949,12398.0814937,3.16422116571013,3.2563680318818,61.8746369,737.8002774,5.6166787,5.5106127,1721805.981999,1722850.8527299,3.0618173989935,31.9960993959623
2018-01-31,18.12,18.992,2239.743,105.131011626236,15.3398402732999,13164.71579,65.5826708,3954.5036899,8482.9641844,12437.4678743,3.30747157289872,3.27042759142004,61.9597396,727.2479157,5.5242204,5.5263668,1717119.331883,1723842.4565972,2.9359887562609,31.9629551147783
2018-02-28,19.039,18.814,2766.365,102.74516731737,18.3635753540186,13156.1961182,65.4227615,3925.6937036,8496.1705198,12421.8642234,3.38479376646272,3.17371500919164,61.7710966,734.3318949,5.581643,5.5326483,1721887.965448,1724691.5362156,2.79092819652047,31.9391420526138
2018-03-31,19.516,18.744,2387.58,102.956722388443,14.8643721575424,13170.7448846,65.377917,3969.4666076,8472.9223329,12442.3889405,3.03663219452235,2.99207481505315,61.7624499,728.3559441,5.5301044,5.5213701,1723244.701132,1726293.1706621,2.65753305901069,31.9335131666181
2018-04-30,18.573,18.701,2165.75,102.381623286595,17.770938273565,13191.9297893,65.4069536,3945.6096111,8514.9456994,12460.5553105,2.70008156171186,2.7668914662634,61.7807233,731.3744789,5.5441053,5.4906094,1735765.785093,1728771.8425019,2.5271654742979,31.9387722403295
2018-05-31,17.82,18.581,3142.763,101.778241277789,15.5632688661558,13168.0681445,65.2128432,3960.9374383,8491.3758067,12452.3132449,2.36302746399992,2.56781371547778,61.6681765,715.7548996,5.4355346,5.4411803,1729274.891151,1731917.9043964,2.38629954826735,31.9415399893314
2018-06-30,19.007,18.319,2572.173,102.130580705138,11.6877249822647,13228.7347866,65.4373044,3995.0558356,8527.0619818,12522.1178174,2.6627572056985,2.4348908223071,61.9419505,706.6169692,5.341531,5.381566,1737713.227863,1735498.4855747,2.2354310988453,31.9351299067942
2018-07-31,18.675,17.877,4122.211,106.063421304754,10.3238788412246,13223.0245869,65.3105944,3970.062792,8552.8403613,12522.9031534,2.371075889908,2.36610390565368,61.8525847,700.1214335,5.2947148,5.3146388,1738412.482265,1738621.993472,2.0440928864059,31.9107293100186
2018-08-31,16.069,17.284,2860.797,103.632606041082,12.7348898202691,13282.251529,65.5045276,3965.1086213,8620.6461968,12585.7548181,2.47404012324375,2.3494750304966,62.0695913,696.4967109,5.2438151,5.2419137,1740165.784266,1741233.1565434,1.84820785742401,31.8741223262914
2018-09-30,16.655,16.591,2334.62,100.515308151834,11.2064018030897,13267.5111237,65.3336325,3953.9569827,8647.5363103,12601.493293,2.2709676520254,2.35843841383385,62.0539394,666.0178307,5.0199154,5.1706155,1742863.640222,1743513.4406735,1.6817780374413,31.8344514119001
2018-10-31,17.022,15.904,2846.32,101.491614419728,7.93387893847883,13289.5935861,65.368235,3942.6356661,8682.1587423,12624.7944084,2.42954637275534,2.35850175916943,62.0982517,664.7991777,5.0024041,5.1073342,1751421.479042,1746265.5370713,1.61767204125927,31.8128659828188
2018-11-30,15.183,15.348,3042.721,104.34168801093,5.48520505901788,13325.2958555,65.4696727,3978.7293224,8665.7597513,12644.4890737,2.2326872219336,2.33931683920279,62.1247416,680.8067817,5.1091307,5.0602784,1749278.218371,1750189.3823782,1.68840546166404,31.8223987137807
2018-12-31,13.993,15.015,2308.483,104.433525760993,-2.70885311660791,13339.5341321,65.4655437,4008.7407903,8661.4500161,12670.1908065,2.19476951283366,2.33138913836433,62.180652,669.3433256,5.0177414,5.0319824,1746051.832742,1755074.6775867,1.8703780890691,31.8519544226546
2019-01-31,13.641,14.904,2635.686,99.561347401591,4.89248103692941,13390.8438572,65.6041804,3987.2346016,8727.4419442,12714.6765458,2.22881919617102,2.37450922790374,62.2915137,676.1673114,5.049475,5.0271087,1763996.027877,1760225.3033642,2.11056681123973,31.8805480812272
2019-02-28,16.776,14.883,2842.615,103.796476025306,3.06629390620635,13393.9103217,65.5064006,3994.055624,8731.1309767,12725.1866007,2.44184264008143,2.47364689101808,62.2358334,668.723721,4.9927445,5.0460803,1766885.870005,1764489.0182592,2.30751303684864,31.8873612003747
2019-03-31,14.884,14.831,3291.008,98.8230468120427,5.6187221401736,13432.4010677,65.5819108,3976.1475972,8772.7371189,12748.8847161,2.46331935985664,2.5930020478639,62.2447332,683.5163515,5.0885642,5.0834269,1775516.439899,1767145.0370713,2.36645009685879,31.8629956891495
2019-04-30,14.599,14.709,2399.966,100.652779083671,-0.65494300874669,13489.81357,65.7980693,4023.5690616,8762.3047756,12785.8738373,2.61078674821071,2.69253221984784,62.3645248,703.9397327,5.2183059,5.1306518,1769905.799298,1768233.7996031,2.28265848222575,31.8112959412235
2019-05-31,14.379,14.444,3775.231,101.270115371565,0.07193472900678,13492.9742493,65.7494324,4050.1756421,8741.7503233,12791.9259654,2.72730627491315,2.73471002905423,62.3333192,701.0482839,5.1956542,5.1811006,1761802.815444,1768140.1674326,2.09145381223041,31.7415433750688
2019-06-30,14.406,14.092,3419.076,100.657861450469,-0.21141031719132,13515.4208395,65.7947892,4040.8045872,8763.8541727,12804.6587599,2.2563351233399,2.69343872252858,62.3347089,710.7620796,5.2588971,5.2259159,1764136.298722,1767487.1181415,1.84319564855209,31.6707252539015
2019-07-31,13.38,13.894,3579.952,96.5103073468359,-0.94341713560375,13552.2443351,65.8752847,4031.3037099,8805.9730062,12837.2767161,2.51038883595172,2.58021737332867,62.3999419,714.967619,5.27564,5.2547625,1768205.838967,1767434.3848238,1.65719699048914,31.6235954518671
2019-08-31,13.604,13.926,4012.334,99.9570000232976,-1.0224862184819,13597.762589,65.9977499,4081.8696699,8800.9424903,12882.8121602,2.3602663995392,2.41664950924234,62.527685,714.9504288,5.2578534,5.2613611,1772821.015422,1768849.4313456,1.58601820200934,31.6156131481289
2019-09-30,14.789,14.086,2725.312,98.2353367117696,-0.65489756121997,13614.8237879,65.9819309,4069.0131924,8833.8727874,12902.8859798,2.39172199510211,2.23472312144077,62.5316452,711.9378081,5.2291371,5.2473828,1774368.187796,1771347.2446937,1.5964203871837,31.6356929396377
2019-10-31,13.854,14.224,2980.455,92.7935621520259,-0.02830558475645,13573.5399761,65.7020805,4041.4573288,8812.2304857,12853.6878146,1.81304660333879,2.081098591154,62.21767,719.8521615,5.3033487,5.218711,1767614.291181,1774138.1876393,1.59612899506372,31.6617285736501
2019-11-30,14.974,14.351,2919.428,97.0005363657096,-0.81604489924575,13576.4918612,65.6367631,4071.227719,8802.9806407,12874.2083598,1.81675419829976,1.96811109859945,62.2415108,702.2835015,5.1727906,5.1852123,1773276.618943,1775873.0951271,1.46748191981374,31.6661614238728
2019-12-31,15.644,14.444,2455.731,95.1306014779135,-2.66458612775312,13609.795661,65.7181685,4113.1939723,8810.799727,12923.9936994,2.0031497297562,1.86443257916085,62.4066089,685.8019617,5.039032,5.160442,1784928.853631,1775471.549404,1.1621654666767,31.6323627605503
2020-01-31,12.613,14.426,2486.264,93.383086548139,1.07825205952652,13647.4103927,65.7963971,4077.0445416,8854.0399289,12931.0844705,1.70203248128624,1.72248972758813,62.3428727,716.3259222,5.2488047,5.1641854,1779924.196908,1772608.2693465,0.70348755688452,31.5611855903465
2020-02-29,16.403,14.308,3507.319,95.5243734976056,-1.58750616938831,13627.427328,65.5971305,4095.6143403,8835.0472119,12930.6615522,1.6147107146444,1.53147917759264,62.2431713,696.7657758,5.1129664,5.2039418,1770263.321109,1768351.4283636,0.21889680606857,31.4751266054978
2020-03-31,15.069,14.143,2590.972,91.9415485656601,-25.9409528916451,13634.4029891,65.528053,4096.5091931,8829.2085109,12925.717704,1.38704672477497,1.30486686495443,62.1220537,708.685285,5.1977728,5.2764927,1762911.234458,1765074.5698222,-0.1171645340742,31.4157301061693
2020-04-30,14.902,13.978,2607.053,75.6437635906384,-41.2663484636684,13177.2762262,63.3087131,3746.5823909,8600.5202158,12347.1026067,-3.431687471528,-4.10381208855124,59.3202391,830.1736195,6.3000396,6.7353916,1580809.560336,1592661.1255938,-9.92926806674033,29.8788384770555
2020-05-31,13.314,13.893,3037.725,88.0641143398551,-28.3379823336756,12957.4753261,62.2307447,3571.5202244,8480.2058383,12051.7260627,-5.78646174705917,-4.28766646490363,57.8807113,905.7492634,6.9901678,6.8493901,1596779.522918,1595744.9505261,-9.75008769563919,29.9300142437191
2020-06-30,12.428,14.018,2817.76,93.6516092458472,-13.496789160158,13264.28444,63.6817867,3827.6073406,8452.3095135,12279.9168541,-4.09805458809507,-3.54860795304581,58.9558411,984.3675859,7.4211888,6.8819621,1660189.092559,1659559.5395037,-6.10627243220222,30.8308919732
2020-07-31,14.965,14.415,2737.941,87.9215726110369,-5.73366711269131,13413.8379991,64.4093789,3907.0056724,8509.4398939,12416.4455663,-3.27819645168362,-3.45336056072011,59.6201883,997.3924328,7.4355485,6.9321585,1678958.44381,1667868.9735426,-5.63332999154739,30.9095522518314
2020-08-31,14.296,15.037,2021.46,79.5317153023232,-7.92035904563002,13466.9602487,64.6740991,4009.0151822,8542.9954368,12552.010619,-2.56777431112418,-2.47969314800888,60.2801199,914.9496298,6.7940323,6.8895799,1682707.709523,1676466.0566496,-5.22279471948734,30.7263128484333
2020-09-30,15.878,15.735,2048.437,93.846665860335,0.4826116074499,13451.7058384,64.6104598,4010.4780238,8509.2209632,12519.6989871,-2.96977740716219,-2.11893369920492,60.1338981,932.0068514,6.9285402,6.8431319,1682605.855097,1690162.3936262,-4.58322620314564,30.8392202006858
2020-10-31,17.128,16.353,3216.977,105.021205830664,1.75034281000947,13603.4404567,65.3343517,4067.1520052,8590.8307902,12657.9827954,-1.52255929988985,-1.731754743194,60.7935251,945.4576613,6.9501364,6.7522505,1711075.90319,1729773.8514753,-2.50061333852646,31.4140046818342
2020-11-30,17.631,16.86,2400.099,107.664980139566,7.39385978849453,13673.3240071,65.6650578,4081.4171889,8660.5162365,12741.9334254,-1.02744130515265,-1.24778004136904,61.1921281,931.3905817,6.8117349,6.6255855,1747521.679581,1736999.1290793,-2.1890058560191,31.3643453371508
2020-12-31,18.417,17.312,2980.399,112.038540907645,13.9548036596261,13695.9202283,65.7686376,4092.6145688,8705.0125,12797.6270688,-0.97776765866008,-0.94155293009772,61.4549795,898.2931596,6.5588376,6.4438211,1743877.21665,1744255.1456659,-1.75820354590186,31.3715814814988
2021-01-31,16.039,17.757,1623.055,106.98592476936,12.7150555880414,13701.0607644,65.7733991,4071.7528108,8769.4047118,12841.1575226,-0.69543237541408,-0.65821578173477,61.6453422,859.9032418,6.27618,6.2881967,1729851.67071,1751118.9335807,-1.21230032249158,31.3851512543299
2021-02-28,19.81,20.241,2350.515,109.060267897401,18.8899772113451,13694.1565851,65.7203659,4065.0970853,8828.3353445,12893.4324298,-0.28791351664189,-0.370138001505,61.8775674,800.7241553,5.8471958,5.8764171,1748719.442991,1756986.178451,-0.64270312621724,31.3890176655025
2021-03-31,22.412,20.433,3738.171,111.842892288837,23.20682109319,13732.0869443,65.8824517,4156.670992,8796.4369085,12953.1079005,0.21190464720982,-0.07307538039152,62.1451429,778.9790438,5.6726923,5.626501,1796807.41549,1761394.8553605,-0.20847359792118,31.3731626612593
2021-04-30,20.61,20.405,2840.119,118.777301245172,25.0903761923903,13696.6781447,65.681478,4126.8446507,8821.4661289,12948.3107796,4.86922472462294,5.61819472067333,62.0927338,748.367365,5.4638603,5.437861,1765846.982281,1764592.660005,10.7952364535235,31.3433966825228
2021-05-31,21.013,20.068,3265.495,113.125491662859,32.0982367909824,13741.2401457,65.8639948,4136.766036,8902.0805545,13038.8465905,8.19069835029798,5.85916983860715,62.4973085,702.3935552,5.1115732,5.2473122,1799746.902059,1767150.6710897,10.7414233400575,31.3103945835861
2021-06-30,18.972,19.45,2659.262,107.212591756735,23.9817996437973,13749.7784243,65.8737689,4121.8453546,8937.6009134,13059.446268,6.34800237788036,5.07842506365157,62.5664588,690.3321563,5.0206784,5.0716642,1772294.289161,1769264.6714947,6.61049690472737,31.2804147120379
2021-07-31,18.552,18.738,2850.65,108.847040696016,3.96891128727173,13733.647342,65.7752914,4140.2169074,8944.7733712,13084.9902787,5.38434859501598,5.0148644159443,62.6686435,648.6570633,4.7231231,4.8641968,1771840.706482,1761300.2123015,5.601833251952,31.0823177361053
2021-08-31,18.891,18.06,4647.945,104.092711861154,11.294931155824,13572.9812956,64.9848557,4047.7101388,8904.4622754,12952.1724142,3.18802945078993,4.03776151901842,62.0125407,620.8088814,4.5738579,4.7387121,1701236.042519,1720988.4221257,2.65572722450924,30.3181454918856
2021-09-30,18.819,17.566,3268.482,106.225015285251,1.21893886452168,13460.4310889,64.4252276,3892.5161641,8934.431392,12826.9475561,2.45412105607794,3.78664180475063,61.3932058,633.4835328,4.7062648,4.6431016,1722345.760966,1726594.3070584,2.1555273960413,30.35454996232
2021-10-31,15.827,17.189,3342.321,104.641998726868,6.69562647668613,13483.9923434,64.4703251,3878.6362308,8899.1309739,12777.7672048,0.9463151541297,3.58541390833569,61.0936868,706.2251386,5.2375077,4.6158523,1719554.114506,1734404.329083,0.26769265842184,30.4078503697025
2021-11-30,16.328,16.821,3600.2,105.299988652098,9.13204500960023,13782.3444984,65.8277987,4122.7127126,9020.9416749,13143.6543875,3.15274730049369,3.35401842673106,62.7772608,638.6901108,4.634118,4.556782,1789174.405214,1805484.3891392,3.94273427737415,31.5430000960668
2021-12-31,16.726,16.491,2954.613,104.277124222046,8.50643850059423,13807.9024063,65.8808608,4141.2172756,9085.4898834,13226.707159,3.3528097661642,3.37104270541646,63.1078369,581.1952473,4.2091494,4.3047438,1822382.431208,1814242.6480148,4.01245784040274,31.5662414814761
2022-01-31,13.348,16.246,1706.997,102.201640119508,-0.41508281528761,13869.911015,66.0376859,4165.8941726,9126.2167653,13292.1109379,3.51178166381292,3.46805186541985,63.2866531,577.8000771,4.1658528,4.0840442,1740685.657205,1815301.5004791,3.66523173655366,31.4449621811645
2022-02-28,17.668,16.029,3137.38,100.823953334036,8.34764238920883,13928.1204146,66.1757962,4145.1778399,9221.4718925,13366.6497324,3.67021974308621,3.68974263763653,63.5081161,561.4706822,4.0312021,4.0237431,1813310.656298,1821574.7735478,3.67610149066413,31.3848882097589
2022-03-31,14.604,15.804,3186.311,96.6217978187373,13.9312674932578,13943.7868603,66.1116261,4149.4431606,9239.0330902,13388.4762508,3.36111112208983,3.85097633293392,63.478734,555.3106096,3.982495,3.9500668,1812886.297158,1827207.596158,3.73639905880332,31.3385491064762
2022-04-30,15.983,15.636,3094.809,95.7686449467424,16.5408011360165,13989.1652226,66.2210415,4109.352856,9341.1199963,13450.4728523,3.87820528289415,4.02961036731544,63.671013,538.6923703,3.8507828,3.85929,1820781.765639,1833320.5657,3.89483121247967,31.3027886623674
2022-05-31,16.414,15.581,3567.617,90.4075060393947,20.3959071257592,14042.0354308,66.3655229,4099.3622906,9389.4562358,13488.8185264,3.45101027745696,4.20533042543931,63.750907,553.2169044,3.9397202,3.7571088,1846872.270881,1840813.1342681,4.16843138412055,31.2993075927505
2022-06-30,15.822,15.631,3332.511,86.3539684972761,15.0075728241082,14090.6283502,66.4893555,4148.2261269,9434.8761984,13583.1023252,4.00978760089648,4.36839925289645,64.0944958,507.526025,3.6018694,3.6546227,1854003.83276,1850021.5865606,4.56443382197167,31.3391685365908
2022-07-31,14.092,15.762,2927.651,83.7863443172962,19.7798415956233,14078.8228961,66.2808976,4206.3297357,9387.0848256,13593.4145612,3.88555338346428,4.51384054422843,63.995671,485.4083349,3.4477906,3.5646908,1850550.136298,1860155.7551736,5.6126458273076,31.4091013923267
2022-08-31,16.9,15.905,4535.445,81.2436037865938,19.0756618141572,14165.0347747,66.5337941,4166.7430074,9498.6052032,13665.3482106,5.5062253156707,4.61596968620117,64.1867442,499.686564,3.5276056,3.5063749,1872624.991343,1870296.7015044,8.67572828841463,31.4946805116635
2022-09-30,16.91,15.928,3773.692,84.4496431411117,20.7925310627005,14184.4658274,66.4725721,4146.8298969,9526.5693491,13673.399246,6.59901107569012,4.63236607239141,64.077564,511.0665814,3.603002,3.4837238,1876062.514443,1880021.9810706,8.8861450188374,31.5885997158085
2022-10-31,15.178,15.678,3858.59,83.7227154060412,17.90291581383,14200.5125377,66.3946356,4140.4875885,9571.9386873,13712.4262758,7.31472921692369,4.54497191077008,64.1125835,488.0862619,3.4371031,3.4919467,1909067.023294,1889590.6857818,8.94753052080126,31.6883743491048
2022-11-30,14.785,15.152,4817.055,77.9867021805779,18.8464768460983,14283.2663759,66.6282338,4188.9586484,9591.9653588,13780.9240072,4.84849647527297,4.38314750443025,64.2849193,502.3423686,3.5169992,3.5177394,1904231.703807,1899074.9856737,5.18368350884058,31.7849099049557
2022-12-31,16.81,14.477,3287.78,80.2931520351537,10.5395706223396,14281.6386383,66.4680393,4130.9400404,9647.1956179,13778.1356583,4.16905351174108,4.19842065487617,64.1246908,503.5029799,3.5255267,3.5478301,1903253.525821,1908493.0104693,5.1950251835184,31.8681564146865
2023-01-31,12.218,13.877,2377.698,84.2937779140251,18.673575692249,14325.456327,66.4762528,4166.6932385,9634.3354641,13801.0287026,3.82872041226285,4.0349128965585,64.0426841,524.4276244,3.6608092,3.5670835,1919938.641788,1917313.1103955,5.61954088009495,31.9239222304997
2023-02-28,13.336,13.506,3997.851,78.4504851449804,15.4056422993443,14358.0067763,66.4322835,4147.4071794,9692.3169574,13839.7241368,3.5392144918206,3.81714266448139,64.0342696,518.2826395,3.6097116,3.5758967,1922790.420496,1925641.6877122,5.7130190687541,31.9580292872389
2023-03-31,12.996,13.403,4139.682,78.4660155032369,14.0414945039739,14449.213408,66.6591749,4150.4926492,9779.4078396,13929.9004888,4.04395711549064,3.69671159526361,64.2634064,519.3129192,3.5940567,3.5803999,1935298.329272,1933103.6785457,5.7955145660714,31.9728357579391
2023-04-30,13.056,13.433,3512.778,85.8226470155292,13.7447277576206,14465.1787185,66.5879439,4174.5186084,9755.071415,13929.5900234,3.56208422083892,3.56770241775255,64.1224541,535.5886951,3.7026068,3.584336,1952719.735146,1938617.7892984,5.74352492239651,31.9604194723565
2023-05-31,15.618,13.534,3861.092,79.0137234714385,10.4722750872718,14540.2603818,66.7885454,4200.6919404,9818.0738576,14018.765798,3.92878939369523,3.43350076761582,64.3931368,521.4945838,3.586556,3.5914675,1940160.65777,1941422.8193334,5.46550234743421,31.9141977589316
2023-06-30,13.144,13.674,4348.397,79.1542022929849,9.40366555946403,14539.7538822,66.6418454,4193.010877,9835.6419987,14028.6528757,3.28018253733828,3.3095473446731,64.2992531,511.1010065,3.5151971,3.6064058,1943458.913415,1941188.1267448,4.92786359069943,31.8300881745456
2023-07-31,12.704,13.803,3956.783,81.2885649559687,9.32282980004883,14569.2132521,66.6081741,4222.8876437,9805.0737085,14027.9613522,3.19674493147835,3.21319041108374,64.1336547,541.2518999,3.7150386,3.6328092,1943618.14258,1938402.647974,4.20646994655014,31.7113691307439
2023-08-31,13.172,13.848,4785.265,80.9855908897383,12.0246576963682,14639.4702324,66.7607046,4271.7948683,9828.8850046,14100.6798729,3.18566095492774,3.15102633444688,64.3036468,538.7903595,3.6803952,3.6752777,1931451.9187,1933630.6592341,3.38630537490423,31.56651729772
2023-09-30,13.909,13.84,4287.527,79.7406164889749,7.75220454715823,14615.7185519,66.4848543,4311.199195,9783.5840857,14094.7832807,3.0817796446869,3.13099579832854,64.1151928,520.9352712,3.5642125,3.7297715,1923150.3395,1927440.5746013,2.52223612320197,31.4021391318508
2023-10-31,14.36,13.731,4375.103,82.0439196550365,8.61588533861903,14706.8629892,66.7749565,4353.7617909,9797.1528734,14150.9146643,3.19774472934709,3.13059653072534,64.2507319,555.9483249,3.7801965,3.7883838,1925933.30186,1921793.9340093,1.70424465307821,31.2501070087334
2023-11-30,14.5,13.522,3829.083,79.938551434449,7.11782741283283,14781.2566635,66.9880703,4359.8882717,9840.0425704,14199.9308421,3.04048432950568,3.10759733047574,64.3535246,581.3258214,3.9328579,3.843078,1920673.30884,1918723.9416009,1.03465929862845,31.1458866875914
2023-12-31,13.375,13.283,4035.779,82.0690829679926,4.45123423561815,14734.2324098,66.6511497,4397.3251157,9749.6367374,14146.961853,2.67689478349575,3.02771990257409,63.9945975,587.2705568,3.985756,3.8920457,1913359.51298,1919356.6237741,0.56922468383203,31.1077036913833
2024-01-31,12.923,13.051,3544.09,80.9820204679332,5.18492963518289,14748.919213,66.5655212,4392.7066819,9752.859233,14145.5659149,2.49646037063231,2.86949658778426,63.8424385,603.3532981,4.0908306,3.9318803,1914883.24212,1923354.1345822,0.31507760281544,31.131198675654
2024-02-29,12.815,12.993,3046.392,86.0201586598618,6.95158287640723,14806.1138284,66.6716912,4424.0805101,9828.3978827,14252.4783928,2.9823878851926,2.67396040966597,64.1786798,553.6354356,3.7392353,3.9605864,1927104.76709,1929193.758986,0.18446169380661,31.1831544060661
2024-03-31,13.397,13.142,3719.44,84.438131983684,6.36248442501941,14808.0614871,66.5291707,4384.3021388,9846.8017596,14231.1038984,2.1622796935425,2.48133980325727,63.9370347,576.9575887,3.8962398,3.9823178,1952426.45978,1935058.4379766,0.10112025819384,31.230238435068
2024-04-30,13.56,13.403,2930.861,82.4381056379992,5.64196632638793,14874.1743114,66.7467117,4440.6856876,9826.5946992,14267.2803868,2.4242663483471,2.3290752258575,64.023322,606.8939246,4.0801856,4.0055142,1944164.102,1939936.7237225,0.06803478392599,31.2542291661449
2024-05-31,14.584,13.714,4850.457,82.2265272480313,5.77004762290023,14894.3459058,66.757835,4439.6633275,9858.928684,14298.5920116,1.99608309056651,2.22977576593415,64.087611,595.7538942,3.9998661,4.0360519,1938345.6445,1943307.9817117,0.0971021026191,31.2484174758746
2024-06-30,13.004,14.006,3186.626,83.6075084878703,1.19769574497973,14922.0737626,66.8027476,4428.7001408,9892.0653594,14320.7655003,2.08225712895063,2.1825851878515,64.1108266,601.3082623,4.0296561,4.0649479,1942289.48169,1945644.4441833,0.22956648956909,31.221718781086
2024-07-31,14.827,14.298,4685.156,82.72372744171,3.82339773593894,15005.7862171,67.074727,4435.7463597,9940.0210941,14375.7674538,2.47937738683215,2.16029723095568,64.2585909,630.0187633,4.1985055,4.0816105,1947617.25846,1948648.1823556,0.52855552959072,31.2048635231786
2024-08-31,14.111,14.548,3901.657,85.0409325976316,0.68471238344728,15029.0814513,67.0762276,4462.869303,9945.7890456,14408.6583485,2.18413919311722,2.16401001696918,64.30722,620.4231028,4.1281505,4.0799328,1959835.17053,1953613.9898297,1.03346161275262,31.2172017632996
2024-09-30,14.628,14.754,4344.661,84.6295016580129,4.03880790227096,15051.2264334,67.0725978,4467.5713146,9978.1763288,14445.7476433,2.4900302162189,2.18085208506122,64.37441,605.4787901,4.0227871,4.0658992,1962076.1131,1960384.075272,1.7091837281424,31.2571863832113
2024-10-31,15.745,14.898,4416.376,89.8355735260196,3.2638594107776,15060.2267523,67.0213467,4478.1563652,9965.6967677,14443.8531329,2.07010271455474,2.19053440538766,64.2783475,616.3736194,4.0927247,4.0500733,1956978.20357,1967421.5929851,2.37422223935375,31.3062791826147
2024-11-30,14.808,14.959,4093.694,94.6206622259959,-0.1783619519832,15056.0133603,66.9115051,4444.3188088,10018.943718,14463.2625268,1.85445751552022,2.20076923623451,64.2772187,592.7508335,3.9369707,4.0371027,1972686.09814,1972532.2272365,2.80437870550074,31.3298378679379
2024-12-31,15.301,14.952,5019.779,92.7672439317145,1.80126564853781,15115.042487,67.0826466,4514.9989259,9995.8575152,14510.8564411,2.57224548903998,2.20824395789787,64.4011855,604.1860459,3.9972501,4.0262707,1980823.37722,1975188.3374767,2.90887649595915,31.3209454862383
2025-01-31,15.229,14.964,2917.458,92.1407056026904,0.95085137059348,15169.7979374,67.1922881,4523.7450928,10020.295315,14544.0404078,2.81695688456178,2.21493039614145,64.4205913,625.7575296,4.1250222,4.0243921,1979476.91457,1975572.2488159,2.71495058007312,31.2834878532476
2025-02-28,16.551,15.094,3062.391,92.2114993346647,0.0475121748607501,15083.33424,66.6772477,4486.870303,9982.3445441,14469.214847,1.5206930908907,2.1892885835979,63.9624772,614.1193929,4.0715095,4.0379599,1975372.95707,1974973.9618221,2.37302254492895,31.2392209915688
2025-03-31,15.331,15.254,4934.402,95.9001509126772,0.44452606837771,15116.7024092,66.6928985,4521.9938189,9978.2785656,14500.2723845,1.89140974601598,2.11736874213964,63.9732905,616.4300247,4.0778075,4.0645942,1967280.09997,1974595.4599232,2.04319524261718,31.2075541835622
2025-04-30,15.047,15.457,6382.246,90.1413786507673,-0.27283392014762,15221.3444513,67.0778492,4561.2018081,10043.1151493,14604.3169574,2.36230424763941,2.0038709833078,64.3587151,617.0274939,4.053699,4.1018278,1967898.60277,1975205.0404867,1.81801376987825,31.1972820730129
2025-05-31,15.941,15.622,5881.838,92.1145221600161,-1.4436314492598,15221.1921689,67.0006437,4508.4179542,10089.6185746,14598.0365288,2.09422380159576,1.86059198044042,64.2576372,623.1556402,4.0940002,4.1492331,1999618.76425,1977049.0536654,1.73626992073486,31.2102784120069
2025-06-30,16.427,15.763,4578.938,92.5962615081015,4.79686201573036,15227.9189197,66.9538539,4536.9433465,10034.3071439,14571.2504904,1.74910335690333,1.70916152827971,64.0666254,656.6684294,4.3122664,4.203468,1978529.41885,1979749.1669598,1.75287539706752,31.2351376520866
2025-07-31,15.476,16.011,4807.211,93.1356373033033,3.25302678457786,15259.6711833,66.9874606,4508.2631251,10103.5314908,14611.7946159,1.6418404294486,1.56617222663253,64.1433885,647.8765674,4.2456784,4.2576447,1985088.33927,1982359.3595092,1.72997760492861,31.2551905598487
2025-08-31,15.019,16.267,4540.582,98.4650608241201,5.17868903433832,15246.4232613,66.8237207,4542.2706355,10056.472048,14598.7426836,1.3192368817586,1.43671933864473,63.9849942,647.6805778,4.2480821,4.2979649,1977364.30227,1984801.0553486,1.59637808089297,31.266336822108
2025-09-30,17.855,16.538,4511.562,95.4367847826256,5.46405150615646,15289.3473873,66.9063146,4548.3668818,10060.322231,14608.6891128,1.12795456160122,1.31301879647192,63.9277482,680.6582746,4.4518465,4.3192155,1986939.32266,1987381.846803,1.37716745772147,31.2769775875869
2025-10-31,15.999,16.762,4533.841,92.0656193478956,7.65937666777143,15305.5404449,66.8944908,4534.4632555,10107.8716005,14642.334856,1.37416049078969,1.2171720113703,63.9958803,663.2055889,4.3331079,4.3189843,1993099.94871,1990427.4132397,1.16933860727297,31.2914844015201
2025-11-30,18.449,16.945,5206.637,103.817646728426,4.58424337181813,15264.0017295,66.6306845,4567.9859246,10036.2127965,14604.1987211,0.97444261997492,1.15095569247967,63.7505009,659.8030084,4.3226083,4.307493,1991401.80845,1994517.0217292,1.1145467835271,31.3185608097369
2025-12-31,15.709,17.042,5530.308,94.5000669307091,6.78946299409373,15291.3612573,66.6679132,4576.7290585,10085.182732,14661.9117904,1.04098162581332,1.10689631489167,63.9236133,629.4494669,4.116373,4.2957985,1998443.45223,1999447.1577477,1.22817757733376,31.3585160570688
2026-01-31,13.42,17.062,4394.059,92.9081644189245,3.73599969711463,15323.5251205,66.6869806,4547.2584578,10151.0870733,14698.3455311,1.06095087041458,1.0877979667606,63.9662398,625.1795894,4.0798679,4.2935125,2009282.25047,2004165.8667851,1.44735875827058,31.3947605872467
2026-02-28,19.621,17.093,6349.649,90.499084437913,3.1645066113766,15382.9209742,66.8242878,4623.7391195,10097.4661968,14721.2053163,1.74156284196891,1.10095639356675,63.9497571,661.7156579,4.3016255,4.3032953,2005077.60467,2007928.6829957,1.6686154759831,31.4146221762464
2026-03-31,16.804,17.244,5020.038,91.5977330660686,2.35457566241685,15400.4345108,66.7794739,4584.0163885,10157.5353851,14741.5517736,1.66396452909336,1.16199451464591,63.9224218,658.8827372,4.2783386,4.324744,2013301.47738,2010676.1074663,1.8272425048776,31.4127771311748
2026-04-30,17.143,17.457,6330.896,80.1491668778667,-0.62942794697852,15394.2283022,66.6711404,4565.9219488,10137.0308949,14702.9528437,0.67538856207872,1.26877361063518,63.677283,691.2754585,4.4904846,4.3532018,2031375.87858,2012747.9115532,1.90070753653249,31.391958282024
2026-05-31,16.646,17.663,10597.2,82.9789063102771,-0.58285760450988,15421.0549237,66.7059561,4602.7462709,10144.200664,14746.9469349,1.02007147198337,1.41931782413809,63.7900066,674.1079888,4.3713481,4.3784343,2009439.43753,2014373.1682392,1.88786992940828,31.3544683155652
2026-06-30,17.769,17.98,5502.029,80.6120963674324,-0.29238019668494,15510.1313822,67.0096329,4649.7903227,10173.4991317,14823.2894544,1.72970030380062,1.58345157683426,64.042216,686.8419279,4.4283437,4.3955908,2014341.98428,2015123.136421,1.7867904708111,31.2976608115658
