date,Private dwelling approvals,Private dwelling approvals trend,Private non-residential building approvals,Consumer sentiment,Business conditions,Participation rate,Year-ended employment growth,Employment to population ratio,Unemployment rate,target_next_month_unemployment_rate
2010-01-31,12.916,13.628,1695.589,120.124739411254,3.63374375639725,65.390434,1.3549228105784,61.9468852,5.2661354,5.298171
2010-02-28,13.424,13.744,1342.472,117.043946058461,4.81013430987616,65.2073256,1.0721629772742,61.75253,5.298171,5.4225878
2010-03-31,14.615,13.872,1585.254,117.293819068878,7.30276217089443,65.2147395,1.43898575832846,61.678413,5.4225878,5.498898
2010-04-30,14.078,13.954,1199.664,116.078751805041,3.90391764665488,65.2658922,1.32554698137617,61.6769874,5.498898,5.2297103
2010-05-31,13.775,13.955,1434.161,107.963053899692,5.12586955162739,65.0165834,1.54249137260454,61.6164045,5.2297103,5.1441277
2010-06-30,13.68,13.899,1890.451,101.855839810118,2.54498479282312,65.20632,2.20976258449237,61.8520237,5.1441277,5.2881622
2010-07-31,14.367,13.861,1491.874,113.115676719492,2.68384393987678,65.3835219,2.03455963193155,61.9259352,5.2881622,5.0321001
2010-08-31,13.954,13.885,1637.522,119.173022034561,1.3285594448355,65.377918,2.5161115595772,62.0880358,5.0321001,5.0542904
2010-09-30,13.153,13.927,1804.899,113.224857334216,2.23973886319158,65.4719659,2.56423395924832,62.1628226,5.0542904,5.2848221
2010-10-31,15.238,13.891,1879.829,116.9790668483,-1.24475995070894,65.655358,2.62369670622906,62.1855891,5.2848221,5.1091742
2010-11-30,13.813,13.751,1768.886,110.728836220318,-0.0565740654850697,65.8025737,2.87925979050292,62.4406056,5.1091742,4.8768861
2010-12-31,14.473,13.554,1777.851,110.984405396343,-0.65598223539339,65.601393,2.58962559208789,62.4020878,4.8768861,5.0034146
2011-01-31,12.349,13.339,1062.3,104.64813024126,-5.60353731080717,65.7805484,2.42167704039926,62.4892748,5.0034146,4.9718308
2011-02-28,12.36,13.097,1838.777,106.593213115359,-4.23058782250291,65.5079898,2.33932828593428,62.2510434,4.9718308,4.9264461
2011-03-31,13.493,12.892,2183.834,104.052619976913,3.62677859119622,65.6044439,2.64920399475561,62.3724764,4.9264461,4.9596918
2011-04-30,13.569,12.814,1591.319,105.305134847717,0.76454281553586,65.3576249,2.2396611943888,62.1160881,4.9596918,5.0132697
2011-05-31,12.612,12.823,1885.645,103.935478960834,-1.78566477470951,65.2589148,2.13802578859246,61.9873094,5.0132697,4.9165966
2011-06-30,12.267,12.798,1807.65,101.197625030288,-1.27653508321225,65.3063363,1.93647739566825,62.0954872,4.9165966,5.0928444
2011-07-31,12.642,12.706,1818.249,92.8481432677004,-3.45358542795842,65.3722528,1.73047648354814,62.0429457,5.0928444,5.2699381
2011-08-31,13.926,12.51,2419.996,89.6002164491244,-5.60207374922187,65.4652268,1.42628822749182,62.0152499,5.2699381,5.2217036
2011-09-30,12.352,12.255,1924.041,96.8864872365809,-1.40465671253648,65.5093912,1.43090668034296,62.0886849,5.2217036,5.1877066
2011-10-31,11.46,11.955,1765.665,97.2475119183194,-2.86679313199616,65.4059911,1.30409348373333,62.0129201,5.1877066,5.231202
2011-11-30,11.687,11.579,1792.205,103.352141501977,-1.98186836587254,65.3576439,0.8033329930747,61.9386535,5.231202,5.1968413
2011-12-31,11.822,11.207,1571.993,94.7461003476085,-2.92222260249663,65.1138566,0.55937258654828,61.7299928,5.1968413,5.0479176
2012-01-31,10.641,11.08,4801.321,97.0636455663774,-3.46275523547587,65.3404058,0.95217225107274,62.042076,5.0479176,5.1916616
2012-02-29,11.374,11.266,2328.4,101.091868049549,-1.08964408327047,65.11152,0.85594830578042,61.7311502,5.1916616,5.1831684
2012-03-31,11.607,11.635,1796.866,96.0725328797101,-0.57433654168311,65.3448074,1.05457546195278,61.957876,5.1831684,4.9948931
2012-04-30,10.829,12.068,1472.826,94.5403943894395,-3.33627133359593,65.0580548,1.24788967707958,61.8084745,4.9948931,5.2004095
2012-05-31,13.861,12.544,2778.386,95.277397734366,-6.87192189748294,65.3489109,1.71229435474698,61.9504999,5.2004095,5.1623453
2012-06-30,14.638,13.012,1844.899,95.5648536025001,-4.43796080073412,65.0848722,1.18621140359565,61.7249664,5.1623453,5.1823206
2012-07-31,11.572,13.445,2086.366,99.1314707523244,-6.6378709028159,65.0598325,1.23883366836346,61.6882234,5.1823206,5.1568972
2012-08-31,12.88,13.782,2599.471,96.6159288989782,-1.9957941670775,65.0168842,1.26659556198063,61.6640303,5.1568972,5.4883299
2012-09-30,15.561,13.97,1594.892,98.1890616707212,-7.4244120110567,65.316664,1.28030751001669,61.73187,5.4883299,5.410429
2012-10-31,14.122,13.936,2543.219,99.1622567862332,-8.88690539175736,65.1794458,1.26024595293828,61.6529582,5.410429,5.2568736
2012-11-30,14.004,13.741,2033.67,104.280799109,-9.43079334216405,64.9509793,1.176173285841,61.5365885,5.2568736,5.432419
2012-12-31,14.156,13.496,1614.623,100.033333930112,-9.04150802533836,65.0488061,1.46856742671648,61.5150824,5.432419,5.3895696
2013-01-31,11.844,13.236,2279.257,100.623415393708,-7.68728641038673,65.3291061,1.42732448394634,61.8081485,5.3895696,5.3942656
2013-02-28,12.894,13.101,2056.273,108.325910851938,-6.84036118295024,65.2165733,1.7457618692556,61.6986182,5.3942656,5.6404023
2013-03-31,13.098,13.146,2648.693,110.537577594616,-11.2635901139982,65.0869563,0.8970665143377,61.4157901,5.6404023,5.589039
2013-04-30,14.669,13.38,2585.006,104.924216990023,-9.5169029231726,65.1501138,1.28325792406643,61.5088486,5.589039,5.6096923
2013-05-31,13.913,13.76,3173.307,97.5906992227922,-7.21942331609008,65.0246453,0.82352288217453,61.3769628,5.6096923,5.6948211
2013-06-30,13.285,14.297,1693.153,102.18252999427,-12.1824084161273,65.0702066,1.16063115819136,61.3645748,5.6948211,5.6357291
2013-07-31,14.802,14.96,2240.426,102.133073790257,-11.1197501732465,64.8684601,0.95848441406639,61.2126494,5.6357291,5.8434861
2013-08-31,14.425,15.687,2443.651,105.684420018472,-10.8245614787801,64.9366538,0.86991229906905,61.1420895,5.8434861,5.7064821
2013-09-30,18.738,16.413,2145.151,110.63401559072,-8.18744054456671,64.8369354,0.73901220666215,61.1370273,5.7064821,5.823109
2013-10-31,17.603,16.958,3351.21,108.323203830721,-7.24576224010398,64.8313813,0.6983679754089,61.0561793,5.823109,5.7964227
2013-11-30,17.374,17.163,2110.934,110.347729189995,-6.18669835968247,64.6270847,0.56331716889273,60.8810257,5.7964227,5.9007615
2013-12-31,17.121,17.014,2580.667,105.0274780711,1.64098051467345,64.4632447,0.1964586366415,60.6594224,5.9007615,5.9471185
2014-01-31,16.484,16.674,2639.19,103.293378982356,1.55865109724157,64.5788029,-0.14598425925614,60.7382249,5.9471185,5.8763431
2014-02-28,16.44,16.323,2283.913,100.151340486769,-1.83105350983427,64.5650404,0.08828710646942,60.7709771,5.8763431,5.8750862
2014-03-31,15.732,16.134,2064.392,99.4577371260795,-3.82064385070837,64.7550701,0.84959312469821,60.9506539,5.8750862,5.8045405
2014-04-30,15.864,16.147,1428.123,99.7343562242776,-1.90560678273932,64.6754497,0.61566916207334,60.9213371,5.8045405,5.9298591
2014-05-31,16.741,16.238,2174.357,92.9428381303617,-3.2908542709177,64.5579348,0.48194662396506,60.7297402,5.9298591,6.048212
2014-06-30,16.312,16.452,3209.703,93.1685707797842,-2.08719180162524,64.6656067,0.5104687836379,60.7544938,6.048212,6.1719484
2014-07-31,16.807,16.835,1959.227,94.9054341117597,3.95183434406824,64.7637321,0.76777455656598,60.766548,6.1719484,6.1006
2014-08-31,18.02,17.343,1795.209,98.4687422267882,0.63825201449584,64.6544528,0.77830058804116,60.7101433,6.1006,6.2369083
2014-09-30,16.502,17.87,1956.37,93.9713019710244,-3.05502414262251,64.6594435,0.6360403388288,60.6266933,6.2369083,6.3574494
2014-10-31,18.1,18.366,2206.376,94.8118824306021,8.82296938156593,64.6444298,0.6256472346428,60.5346929,6.3574494,6.2969815
2014-11-30,20.299,18.76,2083.936,96.5728516447111,3.06200022991959,64.529679,0.810326344971,60.466257,6.2969815,6.1059907
2014-12-31,19.949,19.054,1848.344,91.0622386024552,1.55896773456194,64.6435761,1.57309944342827,60.6964454,6.1059907,6.3517065
2015-01-31,18.637,19.264,3238.737,93.23243,-0.65445685666206,64.7667893,1.35388134139993,60.6529929,6.3517065,6.1534393
2015-02-28,19.18,19.421,2088.972,100.725153187674,0.49581869495588,64.8933614,1.69728683695136,60.9001878,6.1534393,6.1032857
2015-03-31,20.398,19.5,1873.635,99.4715723147994,2.28033779867425,64.8691458,1.39910401695011,60.9099965,6.1032857,6.1124615
2015-04-30,18.857,19.493,1775.878,96.2489293151835,1.62563868799168,64.8024707,1.33683056932292,60.8414446,6.1124615,5.930874
2015-05-31,20.825,19.516,2333.959,102.369313991751,4.52776999073916,64.8413331,1.91735293234925,60.9956754,5.930874,6.0073726
2015-06-30,19.056,19.544,1945.967,95.3202803703007,5.83441073064424,64.7954925,1.72411786209365,60.9029859,6.0073726,6.2744531
2015-07-31,18.994,19.602,2382.329,92.2476557468786,4.27020261395159,65.0833851,1.86401696228635,60.9997586,6.2744531,6.0874419
2015-08-31,18.921,19.692,1910.301,99.4577803093036,7.35115826269453,64.89776,1.8691800766505,60.9471466,6.0874419,6.1743959
2015-09-30,20.235,19.779,2520.118,93.8680939243731,6.41823262798576,64.9850587,2.05051439958384,60.9726239,6.1743959,5.9124787
2015-10-31,21.77,19.743,2480.02,97.8228526556336,6.84068362964383,65.1543084,2.75936520574476,61.3020738,5.9124787,5.8505807
2015-11-30,19.147,19.598,2105.038,101.655707948258,8.91374971904943,65.2180609,3.04557430873973,61.4024256,5.8505807,5.7410701
2015-12-31,20.041,19.491,2191.319,100.840457888464,5.5443566581915,65.1474708,2.66444783221411,61.4073088,5.7410701,6.0412668
2016-01-31,17.516,19.411,2092.997,97.27799,-0.15692315928037,65.272092,2.62078930137173,61.3288308,6.0412668,5.6944879
2016-02-29,19.459,19.435,1988.548,101.322881078937,6.84465042338893,64.9976026,2.16404599309277,61.296322,5.6944879,5.6533355
2016-03-31,20.154,19.613,2214.985,99.1184376692937,9.08074660294763,64.9446123,2.12278611991177,61.2730755,5.6533355,5.6452025
2016-04-30,20.974,19.945,2315.253,95.1425110868608,6.37703870175193,64.9001607,2.1897571562898,61.2364152,5.6452025,5.7214072
2016-05-31,20.102,20.216,2761.493,103.184127157743,8.97674052006603,64.8445846,1.77482501133923,61.1345618,5.7214072,5.6949578
2016-06-30,18.213,20.245,2342.084,102.165171441437,8.30836497819503,64.8678065,2.00782949325653,61.1736123,5.6949578,5.6935558
2016-07-31,21.52,20.044,2604.475,99.1048877297659,7.53072576041223,64.9473234,2.00262279800827,61.2495113,5.6935558,5.6150796
2016-08-31,20.918,19.594,2488.201,101.044672245702,5.10693237475949,64.5795566,1.625144151553,60.9533631,5.6150796,5.6650763
2016-09-30,19.413,19.066,4513.81,101.357909693115,5.6288347688991,64.4445957,1.3446118691939,60.7937601,5.6650763,5.5972495
2016-10-31,16.481,18.481,2456.098,102.423356908164,2.70434127203767,64.4195741,0.84510212606894,60.8138498,5.5972495,5.7673703
2016-11-30,18.299,17.945,2705.76,101.268183572653,3.95060691591944,64.5974261,0.78813750338391,60.8718533,5.7673703,5.8364934
2016-12-31,18.219,17.531,2449.642,97.335084505156,9.16646976353993,64.7293328,0.92361918675394,60.9514095,5.8364934,5.6838697
2017-01-31,16.154,17.304,1918.862,97.42471,9.32823165762993,64.6206095,1.06307898462936,60.9476583,5.6838697,5.8933424
2017-02-28,18.854,17.282,2613.594,99.6362228991419,7.75230460959523,64.515877,0.74499970931625,60.7137355,5.8933424,5.8457463
2017-03-31,16.134,17.339,2431.62,99.7107847883027,11.4430643824814,64.6889928,1.12118818707572,60.9074384,5.8457463,5.6086497
2017-04-30,18.334,17.475,2829.065,99.0364749673705,11.1307864745336,64.7579916,1.54628330919866,61.1259427,5.6086497,5.5468256
2017-05-31,16.915,17.709,4064.336,97.9913732967392,11.9745706764704,64.8112758,1.86742042971728,61.2163073,5.5468256,5.6224716
2017-06-30,18.303,18.16,3275.679,96.233664860039,12.1584700795043,64.9618505,1.95875050855638,61.3093888,5.6224716,5.6056425
2017-07-31,19.226,18.729,3187.289,96.5959501418526,12.9701769955921,65.0491577,1.9742888078626,61.4027344,5.6056425,5.5298313
2017-08-31,18.734,19.26,2858.064,95.4539780798354,12.8960710089902,65.1672387,2.72701597751557,61.5636003,5.5298313,5.4639216
2017-09-30,19.76,19.603,4001.791,97.8675383588146,11.3834536649195,65.2424388,3.17628259262155,61.677643,5.4639216,5.4042026
2017-10-31,19.56,19.66,3779.619,101.351293157075,15.6075534230798,65.1555751,3.0453096804626,61.6344358,5.4042026,5.4543832
2017-11-30,23.065,19.537,3314.59,99.6765128629259,10.3697638727675,65.3523429,3.17859484279848,61.7877757,5.4543832,5.6166787
2017-12-31,17.619,19.27,2642.085,103.274843027132,11.2053099178231,65.5567489,3.16422116571013,61.8746369,5.6166787,5.5242204
2018-01-31,18.12,18.992,2239.743,105.131011626236,15.3398402732999,65.5826708,3.30747157289872,61.9597396,5.5242204,5.581643
2018-02-28,19.039,18.814,2766.365,102.74516731737,18.3635753540186,65.4227615,3.38479376646272,61.7710966,5.581643,5.5301044
2018-03-31,19.516,18.744,2387.58,102.956722388443,14.8643721575424,65.377917,3.03663219452235,61.7624499,5.5301044,5.5441053
2018-04-30,18.573,18.701,2165.75,102.381623286595,17.770938273565,65.4069536,2.70008156171186,61.7807233,5.5441053,5.4355346
2018-05-31,17.82,18.581,3142.763,101.778241277789,15.5632688661558,65.2128432,2.36302746399992,61.6681765,5.4355346,5.341531
2018-06-30,19.007,18.319,2572.173,102.130580705138,11.6877249822647,65.4373044,2.6627572056985,61.9419505,5.341531,5.2947148
2018-07-31,18.675,17.877,4122.211,106.063421304754,10.3238788412246,65.3105944,2.371075889908,61.8525847,5.2947148,5.2438151
2018-08-31,16.069,17.284,2860.797,103.632606041082,12.7348898202691,65.5045276,2.47404012324375,62.0695913,5.2438151,5.0199154
2018-09-30,16.655,16.591,2334.62,100.515308151834,11.2064018030897,65.3336325,2.2709676520254,62.0539394,5.0199154,5.0024041
2018-10-31,17.022,15.904,2846.32,101.491614419728,7.93387893847883,65.368235,2.42954637275534,62.0982517,5.0024041,5.1091307
2018-11-30,15.183,15.348,3042.721,104.34168801093,5.48520505901788,65.4696727,2.2326872219336,62.1247416,5.1091307,5.0177414
2018-12-31,13.993,15.015,2308.483,104.433525760993,-2.70885311660791,65.4655437,2.19476951283366,62.180652,5.0177414,5.049475
2019-01-31,13.641,14.904,2635.686,99.561347401591,4.89248103692941,65.6041804,2.22881919617102,62.2915137,5.049475,4.9927445
2019-02-28,16.776,14.883,2842.615,103.796476025306,3.06629390620635,65.5064006,2.44184264008143,62.2358334,4.9927445,5.0885642
2019-03-31,14.884,14.831,3291.008,98.8230468120427,5.6187221401736,65.5819108,2.46331935985664,62.2447332,5.0885642,5.2183059
2019-04-30,14.599,14.709,2399.966,100.652779083671,-0.65494300874669,65.7980693,2.61078674821071,62.3645248,5.2183059,5.1956542
2019-05-31,14.379,14.444,3775.231,101.270115371565,0.07193472900678,65.7494324,2.72730627491315,62.3333192,5.1956542,5.2588971
2019-06-30,14.406,14.092,3419.076,100.657861450469,-0.21141031719132,65.7947892,2.2563351233399,62.3347089,5.2588971,5.27564
2019-07-31,13.38,13.894,3579.952,96.5103073468359,-0.94341713560375,65.8752847,2.51038883595172,62.3999419,5.27564,5.2578534
2019-08-31,13.604,13.926,4012.334,99.9570000232976,-1.0224862184819,65.9977499,2.3602663995392,62.527685,5.2578534,5.2291371
2019-09-30,14.789,14.086,2725.312,98.2353367117696,-0.65489756121997,65.9819309,2.39172199510211,62.5316452,5.2291371,5.3033487
2019-10-31,13.854,14.224,2980.455,92.7935621520259,-0.02830558475645,65.7020805,1.81304660333879,62.21767,5.3033487,5.1727906
2019-11-30,14.974,14.351,2919.428,97.0005363657096,-0.81604489924575,65.6367631,1.81675419829976,62.2415108,5.1727906,5.039032
2019-12-31,15.644,14.444,2455.731,95.1306014779135,-2.66458612775312,65.7181685,2.0031497297562,62.4066089,5.039032,5.2488047
2020-01-31,12.613,14.426,2486.264,93.383086548139,1.07825205952652,65.7963971,1.70203248128624,62.3428727,5.2488047,5.1129664
2020-02-29,16.403,14.308,3507.319,95.5243734976056,-1.58750616938831,65.5971305,1.6147107146444,62.2431713,5.1129664,5.1977728
2020-03-31,15.069,14.143,2590.972,91.9415485656601,-25.9409528916451,65.528053,1.38704672477497,62.1220537,5.1977728,6.3000396
2020-04-30,14.902,13.978,2607.053,75.6437635906384,-41.2663484636684,63.3087131,-3.431687471528,59.3202391,6.3000396,6.9901678
2020-05-31,13.314,13.893,3037.725,88.0641143398551,-28.3379823336756,62.2307447,-5.78646174705917,57.8807113,6.9901678,7.4211888
2020-06-30,12.428,14.018,2817.76,93.6516092458472,-13.496789160158,63.6817867,-4.09805458809507,58.9558411,7.4211888,7.4355485
2020-07-31,14.965,14.415,2737.941,87.9215726110369,-5.73366711269131,64.4093789,-3.27819645168362,59.6201883,7.4355485,6.7940323
2020-08-31,14.296,15.037,2021.46,79.5317153023232,-7.92035904563002,64.6740991,-2.56777431112418,60.2801199,6.7940323,6.9285402
2020-09-30,15.878,15.735,2048.437,93.846665860335,0.4826116074499,64.6104598,-2.96977740716219,60.1338981,6.9285402,6.9501364
2020-10-31,17.128,16.353,3216.977,105.021205830664,1.75034281000947,65.3343517,-1.52255929988985,60.7935251,6.9501364,6.8117349
2020-11-30,17.631,16.86,2400.099,107.664980139566,7.39385978849453,65.6650578,-1.02744130515265,61.1921281,6.8117349,6.5588376
2020-12-31,18.417,17.312,2980.399,112.038540907645,13.9548036596261,65.7686376,-0.97776765866008,61.4549795,6.5588376,6.27618
2021-01-31,16.039,17.757,1623.055,106.98592476936,12.7150555880414,65.7733991,-0.69543237541408,61.6453422,6.27618,5.8471958
2021-02-28,19.81,20.241,2350.515,109.060267897401,18.8899772113451,65.7203659,-0.28791351664189,61.8775674,5.8471958,5.6726923
2021-03-31,22.412,20.433,3738.171,111.842892288837,23.20682109319,65.8824517,0.21190464720982,62.1451429,5.6726923,5.4638603
2021-04-30,20.61,20.405,2840.119,118.777301245172,25.0903761923903,65.681478,4.86922472462294,62.0927338,5.4638603,5.1115732
2021-05-31,21.013,20.068,3265.495,113.125491662859,32.0982367909824,65.8639948,8.19069835029798,62.4973085,5.1115732,5.0206784
2021-06-30,18.972,19.45,2659.262,107.212591756735,23.9817996437973,65.8737689,6.34800237788036,62.5664588,5.0206784,4.7231231
2021-07-31,18.552,18.738,2850.65,108.847040696016,3.96891128727173,65.7752914,5.38434859501598,62.6686435,4.7231231,4.5738579
2021-08-31,18.891,18.06,4647.945,104.092711861154,11.294931155824,64.9848557,3.18802945078993,62.0125407,4.5738579,4.7062648
2021-09-30,18.819,17.566,3268.482,106.225015285251,1.21893886452168,64.4252276,2.45412105607794,61.3932058,4.7062648,5.2375077
2021-10-31,15.827,17.189,3342.321,104.641998726868,6.69562647668613,64.4703251,0.9463151541297,61.0936868,5.2375077,4.634118
2021-11-30,16.328,16.821,3600.2,105.299988652098,9.13204500960023,65.8277987,3.15274730049369,62.7772608,4.634118,4.2091494
2021-12-31,16.726,16.491,2954.613,104.277124222046,8.50643850059423,65.8808608,3.3528097661642,63.1078369,4.2091494,4.1658528
2022-01-31,13.348,16.246,1706.997,102.201640119508,-0.41508281528761,66.0376859,3.51178166381292,63.2866531,4.1658528,4.0312021
2022-02-28,17.668,16.029,3137.38,100.823953334036,8.34764238920883,66.1757962,3.67021974308621,63.5081161,4.0312021,3.982495
2022-03-31,14.604,15.804,3186.311,96.6217978187373,13.9312674932578,66.1116261,3.36111112208983,63.478734,3.982495,3.8507828
2022-04-30,15.983,15.636,3094.809,95.7686449467424,16.5408011360165,66.2210415,3.87820528289415,63.671013,3.8507828,3.9397202
2022-05-31,16.414,15.581,3567.617,90.4075060393947,20.3959071257592,66.3655229,3.45101027745696,63.750907,3.9397202,3.6018694
2022-06-30,15.822,15.631,3332.511,86.3539684972761,15.0075728241082,66.4893555,4.00978760089648,64.0944958,3.6018694,3.4477906
2022-07-31,14.092,15.762,2927.651,83.7863443172962,19.7798415956233,66.2808976,3.88555338346428,63.995671,3.4477906,3.5276056
2022-08-31,16.9,15.905,4535.445,81.2436037865938,19.0756618141572,66.5337941,5.5062253156707,64.1867442,3.5276056,3.603002
2022-09-30,16.91,15.928,3773.692,84.4496431411117,20.7925310627005,66.4725721,6.59901107569012,64.077564,3.603002,3.4371031
2022-10-31,15.178,15.678,3858.59,83.7227154060412,17.90291581383,66.3946356,7.31472921692369,64.1125835,3.4371031,3.5169992
2022-11-30,14.785,15.152,4817.055,77.9867021805779,18.8464768460983,66.6282338,4.84849647527297,64.2849193,3.5169992,3.5255267
2022-12-31,16.81,14.477,3287.78,80.2931520351537,10.5395706223396,66.4680393,4.16905351174108,64.1246908,3.5255267,3.6608092
2023-01-31,12.218,13.877,2377.698,84.2937779140251,18.673575692249,66.4762528,3.82872041226285,64.0426841,3.6608092,3.6097116
2023-02-28,13.336,13.506,3997.851,78.4504851449804,15.4056422993443,66.4322835,3.5392144918206,64.0342696,3.6097116,3.5940567
2023-03-31,12.996,13.403,4139.682,78.4660155032369,14.0414945039739,66.6591749,4.04395711549064,64.2634064,3.5940567,3.7026068
2023-04-30,13.056,13.433,3512.778,85.8226470155292,13.7447277576206,66.5879439,3.56208422083892,64.1224541,3.7026068,3.586556
2023-05-31,15.618,13.534,3861.092,79.0137234714385,10.4722750872718,66.7885454,3.92878939369523,64.3931368,3.586556,3.5151971
2023-06-30,13.144,13.674,4348.397,79.1542022929849,9.40366555946403,66.6418454,3.28018253733828,64.2992531,3.5151971,3.7150386
2023-07-31,12.704,13.803,3956.783,81.2885649559687,9.32282980004883,66.6081741,3.19674493147835,64.1336547,3.7150386,3.6803952
2023-08-31,13.172,13.848,4785.265,80.9855908897383,12.0246576963682,66.7607046,3.18566095492774,64.3036468,3.6803952,3.5642125
2023-09-30,13.909,13.84,4287.527,79.7406164889749,7.75220454715823,66.4848543,3.0817796446869,64.1151928,3.5642125,3.7801965
2023-10-31,14.36,13.731,4375.103,82.0439196550365,8.61588533861903,66.7749565,3.19774472934709,64.2507319,3.7801965,3.9328579
2023-11-30,14.5,13.522,3829.083,79.938551434449,7.11782741283283,66.9880703,3.04048432950568,64.3535246,3.9328579,3.985756
2023-12-31,13.375,13.283,4035.779,82.0690829679926,4.45123423561815,66.6511497,2.67689478349575,63.9945975,3.985756,4.0908306
2024-01-31,12.923,13.051,3544.09,80.9820204679332,5.18492963518289,66.5655212,2.49646037063231,63.8424385,4.0908306,3.7392353
2024-02-29,12.815,12.993,3046.392,86.0201586598618,6.95158287640723,66.6716912,2.9823878851926,64.1786798,3.7392353,3.8962398
2024-03-31,13.397,13.142,3719.44,84.438131983684,6.36248442501941,66.5291707,2.1622796935425,63.9370347,3.8962398,4.0801856
2024-04-30,13.56,13.403,2930.861,82.4381056379992,5.64196632638793,66.7467117,2.4242663483471,64.023322,4.0801856,3.9998661
2024-05-31,14.584,13.714,4850.457,82.2265272480313,5.77004762290023,66.757835,1.99608309056651,64.087611,3.9998661,4.0296561
2024-06-30,13.004,14.006,3186.626,83.6075084878703,1.19769574497973,66.8027476,2.08225712895063,64.1108266,4.0296561,4.1985055
2024-07-31,14.827,14.298,4685.156,82.72372744171,3.82339773593894,67.074727,2.47937738683215,64.2585909,4.1985055,4.1281505
2024-08-31,14.111,14.548,3901.657,85.0409325976316,0.68471238344728,67.0762276,2.18413919311722,64.30722,4.1281505,4.0227871
2024-09-30,14.628,14.754,4344.661,84.6295016580129,4.03880790227096,67.0725978,2.4900302162189,64.37441,4.0227871,4.0927247
2024-10-31,15.745,14.898,4416.376,89.8355735260196,3.2638594107776,67.0213467,2.07010271455474,64.2783475,4.0927247,3.9369707
2024-11-30,14.808,14.959,4093.694,94.6206622259959,-0.1783619519832,66.9115051,1.85445751552022,64.2772187,3.9369707,3.9972501
2024-12-31,15.301,14.952,5019.779,92.7672439317145,1.80126564853781,67.0826466,2.57224548903998,64.4011855,3.9972501,4.1250222
2025-01-31,15.229,14.964,2917.458,92.1407056026904,0.95085137059348,67.1922881,2.81695688456178,64.4205913,4.1250222,4.0715095
2025-02-28,16.551,15.094,3062.391,92.2114993346647,0.0475121748607501,66.6772477,1.5206930908907,63.9624772,4.0715095,4.0778075
2025-03-31,15.331,15.254,4934.402,95.9001509126772,0.44452606837771,66.6928985,1.89140974601598,63.9732905,4.0778075,4.053699
2025-04-30,15.047,15.457,6382.246,90.1413786507673,-0.27283392014762,67.0778492,2.36230424763941,64.3587151,4.053699,4.0940002
2025-05-31,15.941,15.622,5881.838,92.1145221600161,-1.4436314492598,67.0006437,2.09422380159576,64.2576372,4.0940002,4.3122664
2025-06-30,16.427,15.763,4578.938,92.5962615081015,4.79686201573036,66.9538539,1.74910335690333,64.0666254,4.3122664,4.2456784
2025-07-31,15.476,16.011,4807.211,93.1356373033033,3.25302678457786,66.9874606,1.6418404294486,64.1433885,4.2456784,4.2480821
2025-08-31,15.019,16.267,4540.582,98.4650608241201,5.17868903433832,66.8237207,1.3192368817586,63.9849942,4.2480821,4.4518465
2025-09-30,17.855,16.538,4511.562,95.4367847826256,5.46405150615646,66.9063146,1.12795456160122,63.9277482,4.4518465,4.3331079
2025-10-31,15.999,16.762,4533.841,92.0656193478956,7.65937666777143,66.8944908,1.37416049078969,63.9958803,4.3331079,4.3226083
2025-11-30,18.449,16.945,5206.637,103.817646728426,4.58424337181813,66.6306845,0.97444261997492,63.7505009,4.3226083,4.116373
2025-12-31,15.709,17.042,5530.308,94.5000669307091,6.78946299409373,66.6679132,1.04098162581332,63.9236133,4.116373,4.0798679
2026-01-31,13.42,17.062,4394.059,92.9081644189245,3.73599969711463,66.6869806,1.06095087041458,63.9662398,4.0798679,4.3016255
2026-02-28,19.621,17.093,6349.649,90.499084437913,3.1645066113766,66.8242878,1.74156284196891,63.9497571,4.3016255,4.2783386
2026-03-31,16.804,17.244,5020.038,91.5977330660686,2.35457566241685,66.7794739,1.66396452909336,63.9224218,4.2783386,4.4904846
2026-04-30,17.143,17.457,6330.896,80.1491668778667,-0.62942794697852,66.6711404,0.67538856207872,63.677283,4.4904846,4.3713481
2026-05-31,16.646,17.663,10597.2,82.9789063102771,-0.58285760450988,66.7059561,1.02007147198337,63.7900066,4.3713481,4.4283437
